datetime_local,temperature_C,relative_humidity_%,cloud_cover_%,precipitation_mm,rain_mm,year,date
1950-09-19T00:00,10.9,70,83,0.0,0.0,1950,1950-09-19
1950-09-19T01:00,10.6,72,65,0.0,0.0,1950,1950-09-19
1950-09-19T02:00,10.6,73,75,0.0,0.0,1950,1950-09-19
1950-09-19T03:00,10.8,72,87,0.0,0.0,1950,1950-09-19
1950-09-19T04:00,10.5,72,96,0.0,0.0,1950,1950-09-19
1950-09-19T05:00,10.1,74,94,0.0,0.0,1950,1950-09-19
1950-09-19T06:00,9.6,77,93,0.0,0.0,1950,1950-09-19
1950-09-19T07:00,9.4,82,93,0.0,0.0,1950,1950-09-19
1950-09-19T08:00,9.1,84,96,0.0,0.0,1950,1950-09-19
1950-09-19T09:00,11.1,77,100,0.0,0.0,1950,1950-09-19
1950-09-19T10:00,12.6,73,100,0.0,0.0,1950,1950-09-19
1950-09-19T11:00,14.0,66,99,0.0,0.0,1950,1950-09-19
1950-09-19T12:00,14.7,64,96,0.0,0.0,1950,1950-09-19
1950-09-19T13:00,15.1,63,100,0.0,0.0,1950,1950-09-19
1950-09-19T14:00,14.6,67,99,0.0,0.0,1950,1950-09-19
1950-09-19T15:00,14.1,73,99,0.0,0.0,1950,1950-09-19
1950-09-19T16:00,13.9,76,100,0.0,0.0,1950,1950-09-19
1950-09-19T17:00,13.9,77,100,0.0,0.0,1950,1950-09-19
1950-09-19T18:00,13.8,79,100,0.0,0.0,1950,1950-09-19
1950-09-19T19:00,13.2,83,98,0.0,0.0,1950,1950-09-19
1950-09-19T20:00,12.8,89,100,0.2,0.2,1950,1950-09-19
1950-09-19T21:00,12.5,92,100,0.1,0.1,1950,1950-09-19
1950-09-19T22:00,12.1,95,100,0.0,0.0,1950,1950-09-19
1950-09-19T23:00,12.1,95,93,0.0,0.0,1950,1950-09-19
1951-09-19T00:00,11.8,83,11,0.0,0.0,1951,1951-09-19
1951-09-19T01:00,11.5,85,21,0.0,0.0,1951,1951-09-19
1951-09-19T02:00,11.1,88,24,0.0,0.0,1951,1951-09-19
1951-09-19T03:00,11.4,87,22,0.0,0.0,1951,1951-09-19
1951-09-19T04:00,11.6,87,39,0.0,0.0,1951,1951-09-19
1951-09-19T05:00,11.6,87,68,0.0,0.0,1951,1951-09-19
1951-09-19T06:00,11.8,86,88,0.0,0.0,1951,1951-09-19
1951-09-19T07:00,11.9,85,93,0.0,0.0,1951,1951-09-19
1951-09-19T08:00,11.6,86,99,0.0,0.0,1951,1951-09-19
1951-09-19T09:00,12.6,80,90,0.0,0.0,1951,1951-09-19
1951-09-19T10:00,13.9,73,92,0.0,0.0,1951,1951-09-19
1951-09-19T11:00,14.8,69,80,0.1,0.1,1951,1951-09-19
1951-09-19T12:00,15.4,64,100,0.0,0.0,1951,1951-09-19
1951-09-19T13:00,16.0,59,100,0.1,0.1,1951,1951-09-19
1951-09-19T14:00,16.2,58,100,0.0,0.0,1951,1951-09-19
1951-09-19T15:00,16.2,59,98,0.0,0.0,1951,1951-09-19
1951-09-19T16:00,16.1,60,91,0.0,0.0,1951,1951-09-19
1951-09-19T17:00,15.9,62,99,0.0,0.0,1951,1951-09-19
1951-09-19T18:00,15.7,64,98,0.0,0.0,1951,1951-09-19
1951-09-19T19:00,14.9,68,97,0.0,0.0,1951,1951-09-19
1951-09-19T20:00,14.3,70,92,0.0,0.0,1951,1951-09-19
1951-09-19T21:00,13.7,73,99,0.0,0.0,1951,1951-09-19
1951-09-19T22:00,13.3,75,99,0.0,0.0,1951,1951-09-19
1951-09-19T23:00,12.6,79,96,0.0,0.0,1951,1951-09-19
1952-09-19T00:00,6.2,66,3,0.0,0.0,1952,1952-09-19
1952-09-19T01:00,5.6,69,2,0.0,0.0,1952,1952-09-19
1952-09-19T02:00,4.9,72,2,0.0,0.0,1952,1952-09-19
1952-09-19T03:00,4.4,76,0,0.0,0.0,1952,1952-09-19
1952-09-19T04:00,3.9,79,1,0.0,0.0,1952,1952-09-19
1952-09-19T05:00,3.7,82,5,0.0,0.0,1952,1952-09-19
1952-09-19T06:00,3.8,83,41,0.0,0.0,1952,1952-09-19
1952-09-19T07:00,4.4,84,78,0.0,0.0,1952,1952-09-19
1952-09-19T08:00,5.1,84,84,0.0,0.0,1952,1952-09-19
1952-09-19T09:00,6.8,78,89,0.0,0.0,1952,1952-09-19
1952-09-19T10:00,8.4,71,33,0.0,0.0,1952,1952-09-19
1952-09-19T11:00,9.8,64,68,0.0,0.0,1952,1952-09-19
1952-09-19T12:00,10.6,63,87,0.1,0.1,1952,1952-09-19
1952-09-19T13:00,11.3,62,51,0.2,0.2,1952,1952-09-19
1952-09-19T14:00,11.8,59,40,0.1,0.1,1952,1952-09-19
1952-09-19T15:00,11.4,57,47,0.0,0.0,1952,1952-09-19
1952-09-19T16:00,11.9,50,66,0.0,0.0,1952,1952-09-19
1952-09-19T17:00,12.1,45,51,0.0,0.0,1952,1952-09-19
1952-09-19T18:00,11.7,48,23,0.0,0.0,1952,1952-09-19
1952-09-19T19:00,10.6,53,26,0.0,0.0,1952,1952-09-19
1952-09-19T20:00,9.6,61,37,0.0,0.0,1952,1952-09-19
1952-09-19T21:00,9.4,65,59,0.0,0.0,1952,1952-09-19
1952-09-19T22:00,9.1,70,56,0.0,0.0,1952,1952-09-19
1952-09-19T23:00,8.8,76,49,0.0,0.0,1952,1952-09-19
1953-09-19T00:00,11.2,89,26,0.0,0.0,1953,1953-09-19
1953-09-19T01:00,10.6,92,47,0.0,0.0,1953,1953-09-19
1953-09-19T02:00,10.2,94,69,0.0,0.0,1953,1953-09-19
1953-09-19T03:00,9.4,96,94,0.0,0.0,1953,1953-09-19
1953-09-19T04:00,8.9,97,100,0.0,0.0,1953,1953-09-19
1953-09-19T05:00,8.5,98,100,0.0,0.0,1953,1953-09-19
1953-09-19T06:00,7.8,99,100,0.0,0.0,1953,1953-09-19
1953-09-19T07:00,7.4,99,100,0.0,0.0,1953,1953-09-19
1953-09-19T08:00,9.1,99,100,0.0,0.0,1953,1953-09-19
1953-09-19T09:00,10.3,97,100,0.0,0.0,1953,1953-09-19
1953-09-19T10:00,12.1,85,100,0.0,0.0,1953,1953-09-19
1953-09-19T11:00,14.2,76,87,0.0,0.0,1953,1953-09-19
1953-09-19T12:00,16.4,62,97,0.0,0.0,1953,1953-09-19
1953-09-19T13:00,17.7,53,100,0.0,0.0,1953,1953-09-19
1953-09-19T14:00,18.0,52,100,0.0,0.0,1953,1953-09-19
1953-09-19T15:00,17.5,56,100,0.0,0.0,1953,1953-09-19
1953-09-19T16:00,17.0,61,100,0.0,0.0,1953,1953-09-19
1953-09-19T17:00,16.5,65,100,0.0,0.0,1953,1953-09-19
1953-09-19T18:00,15.8,70,100,0.1,0.1,1953,1953-09-19
1953-09-19T19:00,15.1,75,95,0.1,0.1,1953,1953-09-19
1953-09-19T20:00,14.9,75,100,0.0,0.0,1953,1953-09-19
1953-09-19T21:00,14.8,75,99,0.0,0.0,1953,1953-09-19
1953-09-19T22:00,15.0,73,100,0.0,0.0,1953,1953-09-19
1953-09-19T23:00,15.2,73,99,0.0,0.0,1953,1953-09-19
1954-09-19T00:00,11.8,94,100,0.0,0.0,1954,1954-09-19
1954-09-19T01:00,11.3,95,100,0.0,0.0,1954,1954-09-19
1954-09-19T02:00,11.4,95,100,0.0,0.0,1954,1954-09-19
1954-09-19T03:00,11.2,96,100,0.0,0.0,1954,1954-09-19
1954-09-19T04:00,11.2,97,100,0.0,0.0,1954,1954-09-19
1954-09-19T05:00,11.1,97,100,0.0,0.0,1954,1954-09-19
1954-09-19T06:00,11.1,98,100,0.0,0.0,1954,1954-09-19
1954-09-19T07:00,11.1,98,100,0.0,0.0,1954,1954-09-19
1954-09-19T08:00,11.3,96,100,0.0,0.0,1954,1954-09-19
1954-09-19T09:00,11.9,91,92,0.0,0.0,1954,1954-09-19
1954-09-19T10:00,13.2,84,78,0.0,0.0,1954,1954-09-19
1954-09-19T11:00,14.9,74,77,0.0,0.0,1954,1954-09-19
1954-09-19T12:00,16.1,66,73,0.0,0.0,1954,1954-09-19
1954-09-19T13:00,17.1,59,32,0.1,0.1,1954,1954-09-19
1954-09-19T14:00,17.6,56,54,0.1,0.1,1954,1954-09-19
1954-09-19T15:00,18.0,53,50,0.1,0.1,1954,1954-09-19
1954-09-19T16:00,17.8,51,52,0.0,0.0,1954,1954-09-19
1954-09-19T17:00,17.4,51,41,0.0,0.0,1954,1954-09-19
1954-09-19T18:00,16.5,55,44,0.0,0.0,1954,1954-09-19
1954-09-19T19:00,15.5,59,38,0.0,0.0,1954,1954-09-19
1954-09-19T20:00,14.8,70,35,0.0,0.0,1954,1954-09-19
1954-09-19T21:00,13.9,74,32,0.0,0.0,1954,1954-09-19
1954-09-19T22:00,13.2,78,13,0.0,0.0,1954,1954-09-19
1954-09-19T23:00,12.6,81,12,0.0,0.0,1954,1954-09-19
1955-09-19T00:00,11.4,77,0,0.0,0.0,1955,1955-09-19
1955-09-19T01:00,11.1,78,0,0.0,0.0,1955,1955-09-19
1955-09-19T02:00,11.2,78,0,0.0,0.0,1955,1955-09-19
1955-09-19T03:00,10.9,80,0,0.0,0.0,1955,1955-09-19
1955-09-19T04:00,10.4,83,0,0.0,0.0,1955,1955-09-19
1955-09-19T05:00,10.1,85,0,0.0,0.0,1955,1955-09-19
1955-09-19T06:00,9.4,89,0,0.0,0.0,1955,1955-09-19
1955-09-19T07:00,8.2,92,3,0.0,0.0,1955,1955-09-19
1955-09-19T08:00,8.5,92,18,0.0,0.0,1955,1955-09-19
1955-09-19T09:00,12.5,74,16,0.0,0.0,1955,1955-09-19
1955-09-19T10:00,15.1,63,19,0.0,0.0,1955,1955-09-19
1955-09-19T11:00,16.9,54,28,0.0,0.0,1955,1955-09-19
1955-09-19T12:00,17.9,51,27,0.0,0.0,1955,1955-09-19
1955-09-19T13:00,18.6,48,22,0.0,0.0,1955,1955-09-19
1955-09-19T14:00,19.0,46,22,0.0,0.0,1955,1955-09-19
1955-09-19T15:00,19.3,45,12,0.0,0.0,1955,1955-09-19
1955-09-19T16:00,19.2,44,8,0.0,0.0,1955,1955-09-19
1955-09-19T17:00,18.8,44,5,0.0,0.0,1955,1955-09-19
1955-09-19T18:00,17.9,48,0,0.0,0.0,1955,1955-09-19
1955-09-19T19:00,16.1,55,0,0.0,0.0,1955,1955-09-19
1955-09-19T20:00,15.4,61,0,0.0,0.0,1955,1955-09-19
1955-09-19T21:00,13.9,70,0,0.0,0.0,1955,1955-09-19
1955-09-19T22:00,12.9,78,0,0.0,0.0,1955,1955-09-19
1955-09-19T23:00,12.2,85,0,0.0,0.0,1955,1955-09-19
1956-09-19T00:00,11.2,95,90,0.0,0.0,1956,1956-09-19
1956-09-19T01:00,10.9,96,96,0.0,0.0,1956,1956-09-19
1956-09-19T02:00,10.5,96,100,0.0,0.0,1956,1956-09-19
1956-09-19T03:00,9.9,97,96,0.0,0.0,1956,1956-09-19
1956-09-19T04:00,9.6,98,94,0.0,0.0,1956,1956-09-19
1956-09-19T05:00,9.4,98,98,0.0,0.0,1956,1956-09-19
1956-09-19T06:00,9.2,98,99,0.0,0.0,1956,1956-09-19
1956-09-19T07:00,9.2,99,100,0.0,0.0,1956,1956-09-19
1956-09-19T08:00,10.5,99,99,0.0,0.0,1956,1956-09-19
1956-09-19T09:00,12.8,93,86,0.0,0.0,1956,1956-09-19
1956-09-19T10:00,14.6,83,80,0.0,0.0,1956,1956-09-19
1956-09-19T11:00,16.2,77,76,0.0,0.0,1956,1956-09-19
1956-09-19T12:00,17.5,72,87,0.0,0.0,1956,1956-09-19
1956-09-19T13:00,18.3,70,86,0.0,0.0,1956,1956-09-19
1956-09-19T14:00,19.0,67,90,0.0,0.0,1956,1956-09-19
1956-09-19T15:00,19.2,66,96,0.0,0.0,1956,1956-09-19
1956-09-19T16:00,19.2,66,94,0.0,0.0,1956,1956-09-19
1956-09-19T17:00,18.9,67,93,0.0,0.0,1956,1956-09-19
1956-09-19T18:00,17.9,73,84,0.0,0.0,1956,1956-09-19
1956-09-19T19:00,16.2,80,83,0.0,0.0,1956,1956-09-19
1956-09-19T20:00,15.8,84,85,0.0,0.0,1956,1956-09-19
1956-09-19T21:00,14.4,90,81,0.0,0.0,1956,1956-09-19
1956-09-19T22:00,13.1,94,87,0.0,0.0,1956,1956-09-19
1956-09-19T23:00,11.9,97,98,0.0,0.0,1956,1956-09-19
1957-09-19T00:00,12.6,87,91,0.0,0.0,1957,1957-09-19
1957-09-19T01:00,11.8,91,91,0.0,0.0,1957,1957-09-19
1957-09-19T02:00,11.3,93,95,0.0,0.0,1957,1957-09-19
1957-09-19T03:00,10.8,95,86,0.0,0.0,1957,1957-09-19
1957-09-19T04:00,10.4,96,80,0.0,0.0,1957,1957-09-19
1957-09-19T05:00,9.8,97,69,0.0,0.0,1957,1957-09-19
1957-09-19T06:00,9.3,97,54,0.0,0.0,1957,1957-09-19
1957-09-19T07:00,9.6,97,54,0.0,0.0,1957,1957-09-19
1957-09-19T08:00,10.4,96,83,0.0,0.0,1957,1957-09-19
1957-09-19T09:00,12.5,89,83,0.0,0.0,1957,1957-09-19
1957-09-19T10:00,14.4,83,85,0.0,0.0,1957,1957-09-19
1957-09-19T11:00,16.0,78,81,0.0,0.0,1957,1957-09-19
1957-09-19T12:00,17.4,70,94,0.0,0.0,1957,1957-09-19
1957-09-19T13:00,18.2,63,99,0.0,0.0,1957,1957-09-19
1957-09-19T14:00,18.7,59,100,0.0,0.0,1957,1957-09-19
1957-09-19T15:00,18.9,59,96,0.0,0.0,1957,1957-09-19
1957-09-19T16:00,18.7,60,75,0.0,0.0,1957,1957-09-19
1957-09-19T17:00,18.3,63,88,0.0,0.0,1957,1957-09-19
1957-09-19T18:00,17.9,67,67,0.0,0.0,1957,1957-09-19
1957-09-19T19:00,16.8,73,72,0.0,0.0,1957,1957-09-19
1957-09-19T20:00,16.0,75,72,0.0,0.0,1957,1957-09-19
1957-09-19T21:00,15.5,79,80,0.0,0.0,1957,1957-09-19
1957-09-19T22:00,15.1,81,82,0.0,0.0,1957,1957-09-19
1957-09-19T23:00,14.7,84,78,0.0,0.0,1957,1957-09-19
1958-09-19T00:00,14.8,85,100,0.0,0.0,1958,1958-09-19
1958-09-19T01:00,15.2,83,100,0.1,0.1,1958,1958-09-19
1958-09-19T02:00,15.8,81,100,0.0,0.0,1958,1958-09-19
1958-09-19T03:00,15.9,81,100,0.0,0.0,1958,1958-09-19
1958-09-19T04:00,15.9,82,100,0.1,0.1,1958,1958-09-19
1958-09-19T05:00,15.6,85,100,0.1,0.1,1958,1958-09-19
1958-09-19T06:00,15.6,88,100,0.1,0.1,1958,1958-09-19
1958-09-19T07:00,15.4,91,100,0.0,0.0,1958,1958-09-19
1958-09-19T08:00,15.9,93,100,0.0,0.0,1958,1958-09-19
1958-09-19T09:00,16.7,90,100,0.1,0.1,1958,1958-09-19
1958-09-19T10:00,17.0,89,100,0.1,0.1,1958,1958-09-19
1958-09-19T11:00,17.4,86,100,0.0,0.0,1958,1958-09-19
1958-09-19T12:00,18.1,81,100,0.0,0.0,1958,1958-09-19
1958-09-19T13:00,18.6,76,100,0.2,0.2,1958,1958-09-19
1958-09-19T14:00,19.1,71,99,0.1,0.1,1958,1958-09-19
1958-09-19T15:00,19.0,70,59,0.1,0.1,1958,1958-09-19
1958-09-19T16:00,19.0,69,57,0.1,0.1,1958,1958-09-19
1958-09-19T17:00,18.6,72,63,0.0,0.0,1958,1958-09-19
1958-09-19T18:00,18.0,77,87,0.0,0.0,1958,1958-09-19
1958-09-19T19:00,17.2,83,95,0.0,0.0,1958,1958-09-19
1958-09-19T20:00,15.9,77,99,0.2,0.2,1958,1958-09-19
1958-09-19T21:00,15.3,80,100,0.5,0.5,1958,1958-09-19
1958-09-19T22:00,14.6,88,100,0.6,0.6,1958,1958-09-19
1958-09-19T23:00,14.5,92,100,1.4,1.4,1958,1958-09-19
1959-09-19T00:00,12.9,91,9,0.0,0.0,1959,1959-09-19
1959-09-19T01:00,12.4,92,7,0.0,0.0,1959,1959-09-19
1959-09-19T02:00,12.1,94,11,0.0,0.0,1959,1959-09-19
1959-09-19T03:00,11.7,95,19,0.0,0.0,1959,1959-09-19
1959-09-19T04:00,11.7,95,23,0.0,0.0,1959,1959-09-19
1959-09-19T05:00,11.4,95,26,0.0,0.0,1959,1959-09-19
1959-09-19T06:00,11.4,95,29,0.0,0.0,1959,1959-09-19
1959-09-19T07:00,11.6,95,37,0.0,0.0,1959,1959-09-19
1959-09-19T08:00,12.5,94,31,0.0,0.0,1959,1959-09-19
1959-09-19T09:00,14.4,86,30,0.0,0.0,1959,1959-09-19
1959-09-19T10:00,16.1,76,50,0.0,0.0,1959,1959-09-19
1959-09-19T11:00,17.8,65,69,0.1,0.1,1959,1959-09-19
1959-09-19T12:00,18.0,63,78,0.1,0.1,1959,1959-09-19
1959-09-19T13:00,18.8,60,98,0.1,0.1,1959,1959-09-19
1959-09-19T14:00,19.0,58,98,0.0,0.0,1959,1959-09-19
1959-09-19T15:00,18.7,60,93,0.0,0.0,1959,1959-09-19
1959-09-19T16:00,18.4,63,71,0.0,0.0,1959,1959-09-19
1959-09-19T17:00,18.2,65,73,0.0,0.0,1959,1959-09-19
1959-09-19T18:00,17.8,67,58,0.0,0.0,1959,1959-09-19
1959-09-19T19:00,16.6,74,40,0.0,0.0,1959,1959-09-19
1959-09-19T20:00,15.8,78,36,0.0,0.0,1959,1959-09-19
1959-09-19T21:00,15.1,82,36,0.0,0.0,1959,1959-09-19
1959-09-19T22:00,14.8,84,29,0.0,0.0,1959,1959-09-19
1959-09-19T23:00,14.1,87,47,0.0,0.0,1959,1959-09-19
1960-09-19T00:00,12.6,94,18,0.0,0.0,1960,1960-09-19
1960-09-19T01:00,12.1,96,17,0.0,0.0,1960,1960-09-19
1960-09-19T02:00,11.5,97,15,0.0,0.0,1960,1960-09-19
1960-09-19T03:00,11.2,97,19,0.0,0.0,1960,1960-09-19
1960-09-19T04:00,11.0,98,73,0.0,0.0,1960,1960-09-19
1960-09-19T05:00,10.6,98,99,0.0,0.0,1960,1960-09-19
1960-09-19T06:00,12.2,96,100,0.0,0.0,1960,1960-09-19
1960-09-19T07:00,11.4,98,99,0.0,0.0,1960,1960-09-19
1960-09-19T08:00,11.2,98,99,0.0,0.0,1960,1960-09-19
1960-09-19T09:00,13.6,94,99,0.0,0.0,1960,1960-09-19
1960-09-19T10:00,15.1,92,99,0.0,0.0,1960,1960-09-19
1960-09-19T11:00,16.1,87,100,0.0,0.0,1960,1960-09-19
1960-09-19T12:00,16.1,86,100,0.0,0.0,1960,1960-09-19
1960-09-19T13:00,16.7,84,100,0.1,0.1,1960,1960-09-19
1960-09-19T14:00,17.0,83,100,0.1,0.1,1960,1960-09-19
1960-09-19T15:00,17.0,81,100,0.5,0.5,1960,1960-09-19
1960-09-19T16:00,17.2,78,100,2.1,2.1,1960,1960-09-19
1960-09-19T17:00,17.0,78,100,1.6,1.6,1960,1960-09-19
1960-09-19T18:00,15.4,84,100,0.7,0.7,1960,1960-09-19
1960-09-19T19:00,14.0,91,100,1.3,1.3,1960,1960-09-19
1960-09-19T20:00,13.6,91,100,0.6,0.6,1960,1960-09-19
1960-09-19T21:00,13.3,92,100,0.7,0.7,1960,1960-09-19
1960-09-19T22:00,12.9,92,100,0.6,0.6,1960,1960-09-19
1960-09-19T23:00,12.3,93,100,0.5,0.5,1960,1960-09-19
1961-09-19T00:00,17.6,96,15,0.0,0.0,1961,1961-09-19
1961-09-19T01:00,17.9,95,14,0.0,0.0,1961,1961-09-19
1961-09-19T02:00,18.2,94,2,0.0,0.0,1961,1961-09-19
1961-09-19T03:00,18.2,93,0,0.0,0.0,1961,1961-09-19
1961-09-19T04:00,18.2,92,0,0.0,0.0,1961,1961-09-19
1961-09-19T05:00,18.0,91,0,0.0,0.0,1961,1961-09-19
1961-09-19T06:00,17.9,91,0,0.0,0.0,1961,1961-09-19
1961-09-19T07:00,17.6,91,1,0.0,0.0,1961,1961-09-19
1961-09-19T08:00,17.5,92,9,0.0,0.0,1961,1961-09-19
1961-09-19T09:00,19.8,84,11,0.0,0.0,1961,1961-09-19
1961-09-19T10:00,21.6,78,46,0.0,0.0,1961,1961-09-19
1961-09-19T11:00,23.4,71,87,0.0,0.0,1961,1961-09-19
1961-09-19T12:00,25.0,64,53,0.0,0.0,1961,1961-09-19
1961-09-19T13:00,26.2,59,34,0.0,0.0,1961,1961-09-19
1961-09-19T14:00,26.9,55,24,0.0,0.0,1961,1961-09-19
1961-09-19T15:00,27.1,54,21,0.0,0.0,1961,1961-09-19
1961-09-19T16:00,26.9,54,9,0.0,0.0,1961,1961-09-19
1961-09-19T17:00,26.6,54,26,0.0,0.0,1961,1961-09-19
1961-09-19T18:00,25.5,60,86,0.0,0.0,1961,1961-09-19
1961-09-19T19:00,23.5,66,79,0.0,0.0,1961,1961-09-19
1961-09-19T20:00,19.7,73,84,0.0,0.0,1961,1961-09-19
1961-09-19T21:00,18.6,78,90,0.0,0.0,1961,1961-09-19
1961-09-19T22:00,17.9,82,93,0.0,0.0,1961,1961-09-19
1961-09-19T23:00,17.6,83,100,0.0,0.0,1961,1961-09-19
1962-09-19T00:00,9.8,83,78,0.0,0.0,1962,1962-09-19
1962-09-19T01:00,10.1,83,97,0.0,0.0,1962,1962-09-19
1962-09-19T02:00,9.9,84,96,0.0,0.0,1962,1962-09-19
1962-09-19T03:00,9.9,85,98,0.0,0.0,1962,1962-09-19
1962-09-19T04:00,9.7,87,93,0.0,0.0,1962,1962-09-19
1962-09-19T05:00,9.6,89,84,0.0,0.0,1962,1962-09-19
1962-09-19T06:00,9.7,89,72,0.0,0.0,1962,1962-09-19
1962-09-19T07:00,9.7,90,59,0.0,0.0,1962,1962-09-19
1962-09-19T08:00,9.8,88,55,0.0,0.0,1962,1962-09-19
1962-09-19T09:00,11.0,80,62,0.0,0.0,1962,1962-09-19
1962-09-19T10:00,12.1,75,85,0.0,0.0,1962,1962-09-19
1962-09-19T11:00,12.9,69,66,0.0,0.0,1962,1962-09-19
1962-09-19T12:00,13.4,67,51,0.1,0.1,1962,1962-09-19
1962-09-19T13:00,14.1,64,49,0.2,0.2,1962,1962-09-19
1962-09-19T14:00,14.5,62,49,0.1,0.1,1962,1962-09-19
1962-09-19T15:00,14.8,60,43,0.1,0.1,1962,1962-09-19
1962-09-19T16:00,14.4,61,52,0.0,0.0,1962,1962-09-19
1962-09-19T17:00,13.9,62,58,0.1,0.1,1962,1962-09-19
1962-09-19T18:00,13.2,65,61,0.0,0.0,1962,1962-09-19
1962-09-19T19:00,12.6,65,61,0.0,0.0,1962,1962-09-19
1962-09-19T20:00,11.2,67,62,0.0,0.0,1962,1962-09-19
1962-09-19T21:00,10.4,70,67,0.0,0.0,1962,1962-09-19
1962-09-19T22:00,9.9,73,58,0.0,0.0,1962,1962-09-19
1962-09-19T23:00,9.3,76,59,0.0,0.0,1962,1962-09-19
1963-09-19T00:00,12.6,93,51,0.0,0.0,1963,1963-09-19
1963-09-19T01:00,12.0,96,40,0.0,0.0,1963,1963-09-19
1963-09-19T02:00,11.8,97,38,0.0,0.0,1963,1963-09-19
1963-09-19T03:00,11.9,97,46,0.0,0.0,1963,1963-09-19
1963-09-19T04:00,12.2,96,81,0.0,0.0,1963,1963-09-19
1963-09-19T05:00,12.4,95,98,0.0,0.0,1963,1963-09-19
1963-09-19T06:00,12.6,94,100,0.0,0.0,1963,1963-09-19
1963-09-19T07:00,12.8,93,92,0.0,0.0,1963,1963-09-19
1963-09-19T08:00,13.6,91,78,0.0,0.0,1963,1963-09-19
1963-09-19T09:00,14.3,87,91,0.0,0.0,1963,1963-09-19
1963-09-19T10:00,15.3,81,100,0.1,0.1,1963,1963-09-19
1963-09-19T11:00,16.0,78,100,0.1,0.1,1963,1963-09-19
1963-09-19T12:00,16.5,75,100,0.1,0.1,1963,1963-09-19
1963-09-19T13:00,16.8,72,89,0.0,0.0,1963,1963-09-19
1963-09-19T14:00,16.4,73,69,0.0,0.0,1963,1963-09-19
1963-09-19T15:00,16.5,73,55,0.0,0.0,1963,1963-09-19
1963-09-19T16:00,16.5,71,41,0.0,0.0,1963,1963-09-19
1963-09-19T17:00,16.4,70,28,0.0,0.0,1963,1963-09-19
1963-09-19T18:00,15.6,72,12,0.0,0.0,1963,1963-09-19
1963-09-19T19:00,14.4,76,4,0.0,0.0,1963,1963-09-19
1963-09-19T20:00,13.1,79,1,0.0,0.0,1963,1963-09-19
1963-09-19T21:00,12.2,82,0,0.0,0.0,1963,1963-09-19
1963-09-19T22:00,11.5,84,0,0.0,0.0,1963,1963-09-19
1963-09-19T23:00,10.9,86,0,0.0,0.0,1963,1963-09-19
1964-09-19T00:00,10.9,79,18,0.0,0.0,1964,1964-09-19
1964-09-19T01:00,10.9,81,21,0.0,0.0,1964,1964-09-19
1964-09-19T02:00,10.9,83,35,0.0,0.0,1964,1964-09-19
1964-09-19T03:00,10.9,88,42,0.0,0.0,1964,1964-09-19
1964-09-19T04:00,10.9,92,36,0.0,0.0,1964,1964-09-19
1964-09-19T05:00,10.9,94,47,0.0,0.0,1964,1964-09-19
1964-09-19T06:00,11.1,95,87,0.0,0.0,1964,1964-09-19
1964-09-19T07:00,11.4,95,93,0.0,0.0,1964,1964-09-19
1964-09-19T08:00,12.6,91,100,0.0,0.0,1964,1964-09-19
1964-09-19T09:00,13.8,85,70,0.0,0.0,1964,1964-09-19
1964-09-19T10:00,15.0,77,79,0.0,0.0,1964,1964-09-19
1964-09-19T11:00,15.8,71,93,0.0,0.0,1964,1964-09-19
1964-09-19T12:00,16.5,61,91,0.0,0.0,1964,1964-09-19
1964-09-19T13:00,16.2,53,72,0.0,0.0,1964,1964-09-19
1964-09-19T14:00,16.2,48,69,0.0,0.0,1964,1964-09-19
1964-09-19T15:00,16.7,42,89,0.0,0.0,1964,1964-09-19
1964-09-19T16:00,16.8,42,99,0.0,0.0,1964,1964-09-19
1964-09-19T17:00,16.2,43,100,0.0,0.0,1964,1964-09-19
1964-09-19T18:00,15.7,44,93,0.0,0.0,1964,1964-09-19
1964-09-19T19:00,15.1,45,88,0.0,0.0,1964,1964-09-19
1964-09-19T20:00,13.0,52,89,0.0,0.0,1964,1964-09-19
1964-09-19T21:00,12.4,55,91,0.0,0.0,1964,1964-09-19
1964-09-19T22:00,11.7,58,93,0.0,0.0,1964,1964-09-19
1964-09-19T23:00,11.2,61,96,0.0,0.0,1964,1964-09-19
1965-09-19T00:00,9.8,85,0,0.0,0.0,1965,1965-09-19
1965-09-19T01:00,9.1,89,8,0.0,0.0,1965,1965-09-19
1965-09-19T02:00,8.5,90,27,0.0,0.0,1965,1965-09-19
1965-09-19T03:00,7.9,91,1,0.0,0.0,1965,1965-09-19
1965-09-19T04:00,7.3,93,0,0.0,0.0,1965,1965-09-19
1965-09-19T05:00,6.7,94,0,0.0,0.0,1965,1965-09-19
1965-09-19T06:00,6.2,95,1,0.0,0.0,1965,1965-09-19
1965-09-19T07:00,5.9,96,21,0.0,0.0,1965,1965-09-19
1965-09-19T08:00,7.2,96,30,0.0,0.0,1965,1965-09-19
1965-09-19T09:00,10.4,86,26,0.0,0.0,1965,1965-09-19
1965-09-19T10:00,12.6,79,24,0.0,0.0,1965,1965-09-19
1965-09-19T11:00,14.4,70,38,0.0,0.0,1965,1965-09-19
1965-09-19T12:00,15.6,61,74,0.0,0.0,1965,1965-09-19
1965-09-19T13:00,16.5,54,96,0.0,0.0,1965,1965-09-19
1965-09-19T14:00,17.0,51,98,0.0,0.0,1965,1965-09-19
1965-09-19T15:00,17.2,49,96,0.0,0.0,1965,1965-09-19
1965-09-19T16:00,17.2,48,92,0.0,0.0,1965,1965-09-19
1965-09-19T17:00,17.0,49,90,0.0,0.0,1965,1965-09-19
1965-09-19T18:00,16.4,55,84,0.0,0.0,1965,1965-09-19
1965-09-19T19:00,15.1,61,45,0.0,0.0,1965,1965-09-19
1965-09-19T20:00,14.2,70,36,0.0,0.0,1965,1965-09-19
1965-09-19T21:00,13.1,76,24,0.0,0.0,1965,1965-09-19
1965-09-19T22:00,11.8,82,12,0.0,0.0,1965,1965-09-19
1965-09-19T23:00,10.6,87,4,0.0,0.0,1965,1965-09-19
1966-09-19T00:00,12.0,93,43,0.0,0.0,1966,1966-09-19
1966-09-19T01:00,11.4,95,32,0.0,0.0,1966,1966-09-19
1966-09-19T02:00,10.8,95,36,0.0,0.0,1966,1966-09-19
1966-09-19T03:00,10.9,94,52,0.0,0.0,1966,1966-09-19
1966-09-19T04:00,11.2,92,60,0.0,0.0,1966,1966-09-19
1966-09-19T05:00,11.2,91,58,0.0,0.0,1966,1966-09-19
1966-09-19T06:00,11.4,89,47,0.0,0.0,1966,1966-09-19
1966-09-19T07:00,11.6,87,38,0.0,0.0,1966,1966-09-19
1966-09-19T08:00,10.9,93,40,0.0,0.0,1966,1966-09-19
1966-09-19T09:00,12.4,87,25,0.0,0.0,1966,1966-09-19
1966-09-19T10:00,14.1,79,42,0.0,0.0,1966,1966-09-19
1966-09-19T11:00,15.6,70,96,0.0,0.0,1966,1966-09-19
1966-09-19T12:00,16.1,67,86,0.0,0.0,1966,1966-09-19
1966-09-19T13:00,16.5,65,70,0.0,0.0,1966,1966-09-19
1966-09-19T14:00,16.8,64,49,0.0,0.0,1966,1966-09-19
1966-09-19T15:00,17.2,63,2,0.0,0.0,1966,1966-09-19
1966-09-19T16:00,17.1,63,0,0.0,0.0,1966,1966-09-19
1966-09-19T17:00,16.7,64,0,0.0,0.0,1966,1966-09-19
1966-09-19T18:00,16.1,67,0,0.0,0.0,1966,1966-09-19
1966-09-19T19:00,14.7,74,0,0.0,0.0,1966,1966-09-19
1966-09-19T20:00,13.4,82,0,0.0,0.0,1966,1966-09-19
1966-09-19T21:00,12.2,87,0,0.0,0.0,1966,1966-09-19
1966-09-19T22:00,11.4,91,0,0.0,0.0,1966,1966-09-19
1966-09-19T23:00,10.7,93,0,0.0,0.0,1966,1966-09-19
1967-09-19T00:00,12.1,82,76,0.0,0.0,1967,1967-09-19
1967-09-19T01:00,11.9,81,89,0.0,0.0,1967,1967-09-19
1967-09-19T02:00,11.6,81,99,0.0,0.0,1967,1967-09-19
1967-09-19T03:00,11.4,82,100,0.0,0.0,1967,1967-09-19
1967-09-19T04:00,11.0,86,100,0.1,0.1,1967,1967-09-19
1967-09-19T05:00,10.9,91,100,0.5,0.5,1967,1967-09-19
1967-09-19T06:00,11.1,93,100,1.7,1.7,1967,1967-09-19
1967-09-19T07:00,11.4,93,100,1.6,1.6,1967,1967-09-19
1967-09-19T08:00,12.4,94,79,0.5,0.5,1967,1967-09-19
1967-09-19T09:00,12.8,93,79,0.1,0.1,1967,1967-09-19
1967-09-19T10:00,13.3,92,62,0.1,0.1,1967,1967-09-19
1967-09-19T11:00,13.7,92,28,0.1,0.1,1967,1967-09-19
1967-09-19T12:00,14.2,86,28,0.1,0.1,1967,1967-09-19
1967-09-19T13:00,15.8,70,32,0.1,0.1,1967,1967-09-19
1967-09-19T14:00,16.5,58,38,0.0,0.0,1967,1967-09-19
1967-09-19T15:00,16.3,56,49,0.0,0.0,1967,1967-09-19
1967-09-19T16:00,15.8,60,72,0.0,0.0,1967,1967-09-19
1967-09-19T17:00,15.2,65,99,0.0,0.0,1967,1967-09-19
1967-09-19T18:00,14.6,67,100,0.0,0.0,1967,1967-09-19
1967-09-19T19:00,13.8,69,99,0.0,0.0,1967,1967-09-19
1967-09-19T20:00,12.8,72,66,0.0,0.0,1967,1967-09-19
1967-09-19T21:00,12.2,73,21,0.0,0.0,1967,1967-09-19
1967-09-19T22:00,11.9,73,13,0.0,0.0,1967,1967-09-19
1967-09-19T23:00,11.3,76,11,0.0,0.0,1967,1967-09-19
1968-09-19T00:00,11.4,88,100,0.0,0.0,1968,1968-09-19
1968-09-19T01:00,11.6,88,100,0.0,0.0,1968,1968-09-19
1968-09-19T02:00,11.5,88,99,0.0,0.0,1968,1968-09-19
1968-09-19T03:00,11.4,88,95,0.0,0.0,1968,1968-09-19
1968-09-19T04:00,10.7,92,85,0.0,0.0,1968,1968-09-19
1968-09-19T05:00,10.6,94,89,0.0,0.0,1968,1968-09-19
1968-09-19T06:00,10.6,94,77,0.0,0.0,1968,1968-09-19
1968-09-19T07:00,10.5,95,49,0.0,0.0,1968,1968-09-19
1968-09-19T08:00,11.6,95,47,0.0,0.0,1968,1968-09-19
1968-09-19T09:00,13.2,89,64,0.0,0.0,1968,1968-09-19
1968-09-19T10:00,14.2,84,71,0.0,0.0,1968,1968-09-19
1968-09-19T11:00,15.4,80,82,0.1,0.1,1968,1968-09-19
1968-09-19T12:00,16.1,77,84,0.1,0.1,1968,1968-09-19
1968-09-19T13:00,16.7,76,71,0.1,0.1,1968,1968-09-19
1968-09-19T14:00,16.9,73,91,0.1,0.1,1968,1968-09-19
1968-09-19T15:00,17.1,71,100,0.1,0.1,1968,1968-09-19
1968-09-19T16:00,16.7,74,97,0.0,0.0,1968,1968-09-19
1968-09-19T17:00,16.1,77,98,0.0,0.0,1968,1968-09-19
1968-09-19T18:00,15.6,79,100,0.0,0.0,1968,1968-09-19
1968-09-19T19:00,14.6,82,100,0.0,0.0,1968,1968-09-19
1968-09-19T20:00,14.4,81,99,0.0,0.0,1968,1968-09-19
1968-09-19T21:00,14.6,81,100,0.0,0.0,1968,1968-09-19
1968-09-19T22:00,14.9,80,100,0.0,0.0,1968,1968-09-19
1968-09-19T23:00,15.0,81,100,0.0,0.0,1968,1968-09-19
1969-09-19T00:00,16.0,88,100,0.3,0.3,1969,1969-09-19
1969-09-19T01:00,15.9,88,100,0.2,0.2,1969,1969-09-19
1969-09-19T02:00,15.6,88,100,0.1,0.1,1969,1969-09-19
1969-09-19T03:00,15.4,88,98,0.0,0.0,1969,1969-09-19
1969-09-19T04:00,15.1,87,100,0.0,0.0,1969,1969-09-19
1969-09-19T05:00,14.9,86,100,0.0,0.0,1969,1969-09-19
1969-09-19T06:00,14.9,84,100,0.0,0.0,1969,1969-09-19
1969-09-19T07:00,14.7,83,100,0.0,0.0,1969,1969-09-19
1969-09-19T08:00,14.1,86,93,0.0,0.0,1969,1969-09-19
1969-09-19T09:00,14.6,83,90,0.0,0.0,1969,1969-09-19
1969-09-19T10:00,15.4,77,59,0.0,0.0,1969,1969-09-19
1969-09-19T11:00,16.2,71,24,0.0,0.0,1969,1969-09-19
1969-09-19T12:00,17.0,66,37,0.0,0.0,1969,1969-09-19
1969-09-19T13:00,17.5,63,50,0.0,0.0,1969,1969-09-19
1969-09-19T14:00,17.6,61,34,0.0,0.0,1969,1969-09-19
1969-09-19T15:00,17.6,61,29,0.0,0.0,1969,1969-09-19
1969-09-19T16:00,17.1,60,30,0.0,0.0,1969,1969-09-19
1969-09-19T17:00,16.5,61,35,0.0,0.0,1969,1969-09-19
1969-09-19T18:00,15.8,63,35,0.0,0.0,1969,1969-09-19
1969-09-19T19:00,14.4,67,10,0.0,0.0,1969,1969-09-19
1969-09-19T20:00,13.4,72,7,0.0,0.0,1969,1969-09-19
1969-09-19T21:00,12.4,78,10,0.0,0.0,1969,1969-09-19
1969-09-19T22:00,11.4,83,21,0.0,0.0,1969,1969-09-19
1969-09-19T23:00,10.6,87,7,0.0,0.0,1969,1969-09-19
1970-09-19T00:00,12.8,90,83,0.0,0.0,1970,1970-09-19
1970-09-19T01:00,12.3,93,73,0.0,0.0,1970,1970-09-19
1970-09-19T02:00,10.6,97,100,0.0,0.0,1970,1970-09-19
1970-09-19T03:00,9.6,99,100,0.0,0.0,1970,1970-09-19
1970-09-19T04:00,9.2,99,100,0.0,0.0,1970,1970-09-19
1970-09-19T05:00,9.0,99,100,0.0,0.0,1970,1970-09-19
1970-09-19T06:00,9.1,99,84,0.0,0.0,1970,1970-09-19
1970-09-19T07:00,9.1,99,64,0.0,0.0,1970,1970-09-19
1970-09-19T08:00,10.4,98,34,0.0,0.0,1970,1970-09-19
1970-09-19T09:00,13.6,90,42,0.0,0.0,1970,1970-09-19
1970-09-19T10:00,15.8,83,20,0.0,0.0,1970,1970-09-19
1970-09-19T11:00,17.6,77,17,0.0,0.0,1970,1970-09-19
1970-09-19T12:00,19.0,72,9,0.0,0.0,1970,1970-09-19
1970-09-19T13:00,20.0,68,11,0.0,0.0,1970,1970-09-19
1970-09-19T14:00,20.7,64,3,0.0,0.0,1970,1970-09-19
1970-09-19T15:00,21.1,62,25,0.0,0.0,1970,1970-09-19
1970-09-19T16:00,21.1,61,52,0.0,0.0,1970,1970-09-19
1970-09-19T17:00,20.9,62,68,0.0,0.0,1970,1970-09-19
1970-09-19T18:00,20.1,68,68,0.0,0.0,1970,1970-09-19
1970-09-19T19:00,18.8,74,73,0.0,0.0,1970,1970-09-19
1970-09-19T20:00,17.3,77,86,0.0,0.0,1970,1970-09-19
1970-09-19T21:00,15.6,84,90,0.0,0.0,1970,1970-09-19
1970-09-19T22:00,14.2,89,96,0.0,0.0,1970,1970-09-19
1970-09-19T23:00,13.6,90,84,0.0,0.0,1970,1970-09-19
1971-09-19T00:00,12.2,81,97,0.0,0.0,1971,1971-09-19
1971-09-19T01:00,11.8,83,91,0.0,0.0,1971,1971-09-19
1971-09-19T02:00,11.4,86,92,0.0,0.0,1971,1971-09-19
1971-09-19T03:00,10.8,88,88,0.0,0.0,1971,1971-09-19
1971-09-19T04:00,10.2,90,80,0.0,0.0,1971,1971-09-19
1971-09-19T05:00,9.4,93,72,0.0,0.0,1971,1971-09-19
1971-09-19T06:00,9.1,93,70,0.0,0.0,1971,1971-09-19
1971-09-19T07:00,7.9,96,78,0.0,0.0,1971,1971-09-19
1971-09-19T08:00,8.3,94,61,0.0,0.0,1971,1971-09-19
1971-09-19T09:00,12.1,82,51,0.0,0.0,1971,1971-09-19
1971-09-19T10:00,14.6,74,21,0.0,0.0,1971,1971-09-19
1971-09-19T11:00,16.5,66,15,0.0,0.0,1971,1971-09-19
1971-09-19T12:00,17.6,60,0,0.0,0.0,1971,1971-09-19
1971-09-19T13:00,18.4,55,9,0.0,0.0,1971,1971-09-19
1971-09-19T14:00,18.6,52,61,0.0,0.0,1971,1971-09-19
1971-09-19T15:00,18.7,51,95,0.0,0.0,1971,1971-09-19
1971-09-19T16:00,18.8,51,95,0.0,0.0,1971,1971-09-19
1971-09-19T17:00,18.5,52,75,0.0,0.0,1971,1971-09-19
1971-09-19T18:00,18.0,59,72,0.0,0.0,1971,1971-09-19
1971-09-19T19:00,17.2,66,63,0.0,0.0,1971,1971-09-19
1971-09-19T20:00,15.4,76,58,0.0,0.0,1971,1971-09-19
1971-09-19T21:00,14.4,81,59,0.0,0.0,1971,1971-09-19
1971-09-19T22:00,13.8,84,58,0.0,0.0,1971,1971-09-19
1971-09-19T23:00,13.6,84,74,0.0,0.0,1971,1971-09-19
1972-09-19T00:00,11.6,86,100,0.3,0.3,1972,1972-09-19
1972-09-19T01:00,11.6,86,100,0.3,0.3,1972,1972-09-19
1972-09-19T02:00,11.6,87,100,0.2,0.2,1972,1972-09-19
1972-09-19T03:00,11.4,89,100,0.2,0.2,1972,1972-09-19
1972-09-19T04:00,11.4,90,100,0.3,0.3,1972,1972-09-19
1972-09-19T05:00,11.1,93,100,0.3,0.3,1972,1972-09-19
1972-09-19T06:00,11.0,94,100,0.2,0.2,1972,1972-09-19
1972-09-19T07:00,10.9,95,100,0.1,0.1,1972,1972-09-19
1972-09-19T08:00,10.9,95,100,0.1,0.1,1972,1972-09-19
1972-09-19T09:00,11.3,93,98,0.3,0.3,1972,1972-09-19
1972-09-19T10:00,12.1,91,73,0.1,0.1,1972,1972-09-19
1972-09-19T11:00,13.1,88,98,0.1,0.1,1972,1972-09-19
1972-09-19T12:00,14.3,83,85,0.2,0.2,1972,1972-09-19
1972-09-19T13:00,14.7,78,64,0.1,0.1,1972,1972-09-19
1972-09-19T14:00,15.1,72,66,0.1,0.1,1972,1972-09-19
1972-09-19T15:00,14.9,68,47,0.1,0.1,1972,1972-09-19
1972-09-19T16:00,15.0,65,37,0.1,0.1,1972,1972-09-19
1972-09-19T17:00,14.8,64,33,0.1,0.1,1972,1972-09-19
1972-09-19T18:00,13.9,69,21,0.0,0.0,1972,1972-09-19
1972-09-19T19:00,12.8,73,18,0.0,0.0,1972,1972-09-19
1972-09-19T20:00,11.2,79,13,0.0,0.0,1972,1972-09-19
1972-09-19T21:00,10.4,83,13,0.0,0.0,1972,1972-09-19
1972-09-19T22:00,9.9,85,16,0.0,0.0,1972,1972-09-19
1972-09-19T23:00,9.2,88,26,0.0,0.0,1972,1972-09-19
1973-09-19T00:00,14.3,90,98,0.8,0.8,1973,1973-09-19
1973-09-19T01:00,14.6,91,83,0.2,0.2,1973,1973-09-19
1973-09-19T02:00,14.2,88,89,0.2,0.2,1973,1973-09-19
1973-09-19T03:00,13.7,88,100,0.3,0.3,1973,1973-09-19
1973-09-19T04:00,13.7,89,100,1.8,1.8,1973,1973-09-19
1973-09-19T05:00,13.9,92,100,0.7,0.7,1973,1973-09-19
1973-09-19T06:00,13.7,92,100,0.4,0.4,1973,1973-09-19
1973-09-19T07:00,13.3,93,100,0.1,0.1,1973,1973-09-19
1973-09-19T08:00,13.1,92,100,0.0,0.0,1973,1973-09-19
1973-09-19T09:00,13.1,92,100,0.0,0.0,1973,1973-09-19
1973-09-19T10:00,13.3,90,100,0.0,0.0,1973,1973-09-19
1973-09-19T11:00,13.6,87,100,0.0,0.0,1973,1973-09-19
1973-09-19T12:00,13.8,84,100,0.0,0.0,1973,1973-09-19
1973-09-19T13:00,14.0,79,100,0.0,0.0,1973,1973-09-19
1973-09-19T14:00,14.9,69,97,0.0,0.0,1973,1973-09-19
1973-09-19T15:00,16.2,60,98,0.0,0.0,1973,1973-09-19
1973-09-19T16:00,16.4,60,99,0.0,0.0,1973,1973-09-19
1973-09-19T17:00,16.4,60,100,0.0,0.0,1973,1973-09-19
1973-09-19T18:00,16.1,61,100,0.0,0.0,1973,1973-09-19
1973-09-19T19:00,15.6,62,100,0.0,0.0,1973,1973-09-19
1973-09-19T20:00,14.2,70,98,0.0,0.0,1973,1973-09-19
1973-09-19T21:00,13.9,72,98,0.0,0.0,1973,1973-09-19
1973-09-19T22:00,13.2,76,97,0.0,0.0,1973,1973-09-19
1973-09-19T23:00,12.6,79,99,0.0,0.0,1973,1973-09-19
1974-09-19T00:00,8.1,88,99,0.0,0.0,1974,1974-09-19
1974-09-19T01:00,9.7,82,98,0.0,0.0,1974,1974-09-19
1974-09-19T02:00,8.5,88,99,0.0,0.0,1974,1974-09-19
1974-09-19T03:00,7.8,93,100,0.0,0.0,1974,1974-09-19
1974-09-19T04:00,8.1,92,100,0.0,0.0,1974,1974-09-19
1974-09-19T05:00,7.8,94,91,0.0,0.0,1974,1974-09-19
1974-09-19T06:00,7.2,95,78,0.0,0.0,1974,1974-09-19
1974-09-19T07:00,6.7,96,64,0.0,0.0,1974,1974-09-19
1974-09-19T08:00,7.8,95,52,0.0,0.0,1974,1974-09-19
1974-09-19T09:00,10.7,85,72,0.0,0.0,1974,1974-09-19
1974-09-19T10:00,12.5,74,98,0.0,0.0,1974,1974-09-19
1974-09-19T11:00,13.8,66,96,0.0,0.0,1974,1974-09-19
1974-09-19T12:00,14.6,63,99,0.0,0.0,1974,1974-09-19
1974-09-19T13:00,15.3,61,99,0.0,0.0,1974,1974-09-19
1974-09-19T14:00,15.6,60,98,0.0,0.0,1974,1974-09-19
1974-09-19T15:00,15.8,59,81,0.0,0.0,1974,1974-09-19
1974-09-19T16:00,15.6,59,42,0.0,0.0,1974,1974-09-19
1974-09-19T17:00,15.4,58,18,0.0,0.0,1974,1974-09-19
1974-09-19T18:00,14.7,62,96,0.0,0.0,1974,1974-09-19
1974-09-19T19:00,13.6,67,100,0.0,0.0,1974,1974-09-19
1974-09-19T20:00,12.8,69,100,0.0,0.0,1974,1974-09-19
1974-09-19T21:00,12.6,70,100,0.0,0.0,1974,1974-09-19
1974-09-19T22:00,12.6,71,98,0.0,0.0,1974,1974-09-19
1974-09-19T23:00,12.3,73,83,0.0,0.0,1974,1974-09-19
1975-09-19T00:00,13.5,93,77,0.1,0.1,1975,1975-09-19
1975-09-19T01:00,12.4,96,65,0.0,0.0,1975,1975-09-19
1975-09-19T02:00,12.1,97,67,0.0,0.0,1975,1975-09-19
1975-09-19T03:00,11.4,97,74,0.0,0.0,1975,1975-09-19
1975-09-19T04:00,11.4,96,74,0.0,0.0,1975,1975-09-19
1975-09-19T05:00,11.6,93,67,0.0,0.0,1975,1975-09-19
1975-09-19T06:00,11.2,92,79,0.0,0.0,1975,1975-09-19
1975-09-19T07:00,11.1,91,81,0.0,0.0,1975,1975-09-19
1975-09-19T08:00,11.8,92,80,0.0,0.0,1975,1975-09-19
1975-09-19T09:00,12.7,90,61,0.0,0.0,1975,1975-09-19
1975-09-19T10:00,14.1,87,69,0.0,0.0,1975,1975-09-19
1975-09-19T11:00,16.1,80,97,0.0,0.0,1975,1975-09-19
1975-09-19T12:00,17.1,76,93,0.0,0.0,1975,1975-09-19
1975-09-19T13:00,17.8,74,100,0.1,0.1,1975,1975-09-19
1975-09-19T14:00,17.8,75,97,0.1,0.1,1975,1975-09-19
1975-09-19T15:00,18.2,75,99,0.0,0.0,1975,1975-09-19
1975-09-19T16:00,18.2,76,95,0.0,0.0,1975,1975-09-19
1975-09-19T17:00,18.2,75,95,0.0,0.0,1975,1975-09-19
1975-09-19T18:00,17.4,80,93,0.0,0.0,1975,1975-09-19
1975-09-19T19:00,16.5,86,100,0.0,0.0,1975,1975-09-19
1975-09-19T20:00,15.9,88,100,0.1,0.1,1975,1975-09-19
1975-09-19T21:00,15.4,90,99,0.0,0.0,1975,1975-09-19
1975-09-19T22:00,15.4,90,100,0.0,0.0,1975,1975-09-19
1975-09-19T23:00,15.4,90,100,0.0,0.0,1975,1975-09-19
1976-09-19T00:00,12.6,83,73,0.0,0.0,1976,1976-09-19
1976-09-19T01:00,12.1,86,81,0.0,0.0,1976,1976-09-19
1976-09-19T02:00,11.8,87,76,0.0,0.0,1976,1976-09-19
1976-09-19T03:00,10.7,92,67,0.0,0.0,1976,1976-09-19
1976-09-19T04:00,10.2,94,69,0.0,0.0,1976,1976-09-19
1976-09-19T05:00,9.9,95,43,0.0,0.0,1976,1976-09-19
1976-09-19T06:00,9.6,97,57,0.0,0.0,1976,1976-09-19
1976-09-19T07:00,9.8,97,49,0.0,0.0,1976,1976-09-19
1976-09-19T08:00,10.8,99,59,0.0,0.0,1976,1976-09-19
1976-09-19T09:00,12.3,94,65,0.0,0.0,1976,1976-09-19
1976-09-19T10:00,13.9,85,63,0.0,0.0,1976,1976-09-19
1976-09-19T11:00,15.3,74,80,0.0,0.0,1976,1976-09-19
1976-09-19T12:00,16.7,61,99,0.0,0.0,1976,1976-09-19
1976-09-19T13:00,17.4,58,100,0.0,0.0,1976,1976-09-19
1976-09-19T14:00,17.8,57,100,0.0,0.0,1976,1976-09-19
1976-09-19T15:00,18.0,58,97,0.0,0.0,1976,1976-09-19
1976-09-19T16:00,17.8,59,98,0.0,0.0,1976,1976-09-19
1976-09-19T17:00,17.4,63,94,0.0,0.0,1976,1976-09-19
1976-09-19T18:00,17.0,67,91,0.0,0.0,1976,1976-09-19
1976-09-19T19:00,15.9,74,91,0.0,0.0,1976,1976-09-19
1976-09-19T20:00,15.1,76,98,0.0,0.0,1976,1976-09-19
1976-09-19T21:00,14.6,80,94,0.0,0.0,1976,1976-09-19
1976-09-19T22:00,14.2,82,100,0.0,0.0,1976,1976-09-19
1976-09-19T23:00,13.8,85,99,0.0,0.0,1976,1976-09-19
1977-09-19T00:00,11.2,85,99,0.0,0.0,1977,1977-09-19
1977-09-19T01:00,11.2,85,90,0.0,0.0,1977,1977-09-19
1977-09-19T02:00,11.1,84,94,0.0,0.0,1977,1977-09-19
1977-09-19T03:00,11.0,84,96,0.0,0.0,1977,1977-09-19
1977-09-19T04:00,10.7,85,99,0.0,0.0,1977,1977-09-19
1977-09-19T05:00,10.8,83,99,0.0,0.0,1977,1977-09-19
1977-09-19T06:00,10.6,81,96,0.0,0.0,1977,1977-09-19
1977-09-19T07:00,10.6,81,94,0.0,0.0,1977,1977-09-19
1977-09-19T08:00,10.3,83,83,0.0,0.0,1977,1977-09-19
1977-09-19T09:00,11.1,79,72,0.0,0.0,1977,1977-09-19
1977-09-19T10:00,12.1,73,68,0.0,0.0,1977,1977-09-19
1977-09-19T11:00,12.9,68,96,0.0,0.0,1977,1977-09-19
1977-09-19T12:00,13.8,64,100,0.0,0.0,1977,1977-09-19
1977-09-19T13:00,13.9,63,100,0.0,0.0,1977,1977-09-19
1977-09-19T14:00,14.0,63,100,0.0,0.0,1977,1977-09-19
1977-09-19T15:00,13.9,66,100,0.0,0.0,1977,1977-09-19
1977-09-19T16:00,13.6,69,100,0.0,0.0,1977,1977-09-19
1977-09-19T17:00,13.5,72,99,0.0,0.0,1977,1977-09-19
1977-09-19T18:00,13.1,74,91,0.0,0.0,1977,1977-09-19
1977-09-19T19:00,12.8,77,84,0.0,0.0,1977,1977-09-19
1977-09-19T20:00,11.9,81,83,0.0,0.0,1977,1977-09-19
1977-09-19T21:00,10.9,86,84,0.1,0.1,1977,1977-09-19
1977-09-19T22:00,10.9,87,86,0.0,0.0,1977,1977-09-19
1977-09-19T23:00,10.7,89,68,0.0,0.0,1977,1977-09-19
1978-09-19T00:00,10.2,84,90,0.0,0.0,1978,1978-09-19
1978-09-19T01:00,9.8,86,86,0.0,0.0,1978,1978-09-19
1978-09-19T02:00,8.9,89,47,0.0,0.0,1978,1978-09-19
1978-09-19T03:00,8.4,90,26,0.0,0.0,1978,1978-09-19
1978-09-19T04:00,8.1,91,5,0.0,0.0,1978,1978-09-19
1978-09-19T05:00,8.0,91,14,0.0,0.0,1978,1978-09-19
1978-09-19T06:00,7.9,92,46,0.0,0.0,1978,1978-09-19
1978-09-19T07:00,8.0,92,42,0.0,0.0,1978,1978-09-19
1978-09-19T08:00,9.1,92,13,0.0,0.0,1978,1978-09-19
1978-09-19T09:00,11.1,85,23,0.0,0.0,1978,1978-09-19
1978-09-19T10:00,12.9,76,64,0.0,0.0,1978,1978-09-19
1978-09-19T11:00,14.4,67,91,0.0,0.0,1978,1978-09-19
1978-09-19T12:00,15.4,62,95,0.0,0.0,1978,1978-09-19
1978-09-19T13:00,15.9,59,93,0.0,0.0,1978,1978-09-19
1978-09-19T14:00,15.9,59,95,0.0,0.0,1978,1978-09-19
1978-09-19T15:00,16.2,58,94,0.0,0.0,1978,1978-09-19
1978-09-19T16:00,16.1,59,97,0.0,0.0,1978,1978-09-19
1978-09-19T17:00,15.9,60,99,0.0,0.0,1978,1978-09-19
1978-09-19T18:00,15.4,63,81,0.0,0.0,1978,1978-09-19
1978-09-19T19:00,14.5,67,68,0.0,0.0,1978,1978-09-19
1978-09-19T20:00,13.3,69,40,0.0,0.0,1978,1978-09-19
1978-09-19T21:00,12.6,74,54,0.0,0.0,1978,1978-09-19
1978-09-19T22:00,11.8,79,65,0.0,0.0,1978,1978-09-19
1978-09-19T23:00,11.6,81,69,0.0,0.0,1978,1978-09-19
1979-09-19T00:00,16.0,92,100,0.2,0.2,1979,1979-09-19
1979-09-19T01:00,15.8,93,100,0.3,0.3,1979,1979-09-19
1979-09-19T02:00,15.6,94,100,0.3,0.3,1979,1979-09-19
1979-09-19T03:00,15.6,94,99,0.3,0.3,1979,1979-09-19
1979-09-19T04:00,15.6,94,100,0.3,0.3,1979,1979-09-19
1979-09-19T05:00,15.8,95,100,0.3,0.3,1979,1979-09-19
1979-09-19T06:00,16.0,96,100,0.2,0.2,1979,1979-09-19
1979-09-19T07:00,16.1,97,100,0.2,0.2,1979,1979-09-19
1979-09-19T08:00,16.3,95,100,0.0,0.0,1979,1979-09-19
1979-09-19T09:00,16.5,93,100,0.0,0.0,1979,1979-09-19
1979-09-19T10:00,17.1,89,92,0.0,0.0,1979,1979-09-19
1979-09-19T11:00,18.1,83,100,0.2,0.2,1979,1979-09-19
1979-09-19T12:00,18.9,80,98,0.0,0.0,1979,1979-09-19
1979-09-19T13:00,19.1,80,100,0.1,0.1,1979,1979-09-19
1979-09-19T14:00,18.8,82,100,0.1,0.1,1979,1979-09-19
1979-09-19T15:00,18.6,81,100,0.3,0.3,1979,1979-09-19
1979-09-19T16:00,18.1,85,100,0.2,0.2,1979,1979-09-19
1979-09-19T17:00,17.4,89,100,0.2,0.2,1979,1979-09-19
1979-09-19T18:00,17.0,91,100,0.2,0.2,1979,1979-09-19
1979-09-19T19:00,16.6,92,100,0.3,0.3,1979,1979-09-19
1979-09-19T20:00,15.6,97,100,0.6,0.6,1979,1979-09-19
1979-09-19T21:00,15.6,96,100,0.4,0.4,1979,1979-09-19
1979-09-19T22:00,15.6,96,100,0.2,0.2,1979,1979-09-19
1979-09-19T23:00,15.8,95,100,0.2,0.2,1979,1979-09-19
1980-09-19T00:00,17.5,71,100,0.0,0.0,1980,1980-09-19
1980-09-19T01:00,17.4,73,100,0.0,0.0,1980,1980-09-19
1980-09-19T02:00,17.0,79,96,0.0,0.0,1980,1980-09-19
1980-09-19T03:00,16.2,87,100,0.0,0.0,1980,1980-09-19
1980-09-19T04:00,15.8,93,100,0.0,0.0,1980,1980-09-19
1980-09-19T05:00,15.2,95,100,0.0,0.0,1980,1980-09-19
1980-09-19T06:00,15.1,95,100,0.0,0.0,1980,1980-09-19
1980-09-19T07:00,15.3,95,100,0.0,0.0,1980,1980-09-19
1980-09-19T08:00,15.9,93,99,0.0,0.0,1980,1980-09-19
1980-09-19T09:00,16.4,91,100,0.0,0.0,1980,1980-09-19
1980-09-19T10:00,17.2,84,100,0.0,0.0,1980,1980-09-19
1980-09-19T11:00,18.0,79,100,0.0,0.0,1980,1980-09-19
1980-09-19T12:00,18.5,75,99,0.0,0.0,1980,1980-09-19
1980-09-19T13:00,18.9,73,99,0.0,0.0,1980,1980-09-19
1980-09-19T14:00,19.2,71,98,0.0,0.0,1980,1980-09-19
1980-09-19T15:00,19.5,69,97,0.0,0.0,1980,1980-09-19
1980-09-19T16:00,19.8,67,95,0.0,0.0,1980,1980-09-19
1980-09-19T17:00,19.2,71,79,0.0,0.0,1980,1980-09-19
1980-09-19T18:00,18.6,76,26,0.0,0.0,1980,1980-09-19
1980-09-19T19:00,17.5,82,25,0.0,0.0,1980,1980-09-19
1980-09-19T20:00,16.2,87,86,0.0,0.0,1980,1980-09-19
1980-09-19T21:00,15.4,92,100,0.0,0.0,1980,1980-09-19
1980-09-19T22:00,14.9,94,100,0.0,0.0,1980,1980-09-19
1980-09-19T23:00,14.6,95,100,0.0,0.0,1980,1980-09-19
1981-09-19T00:00,12.0,88,34,0.0,0.0,1981,1981-09-19
1981-09-19T01:00,11.8,90,58,0.0,0.0,1981,1981-09-19
1981-09-19T02:00,11.9,91,82,0.0,0.0,1981,1981-09-19
1981-09-19T03:00,12.0,91,53,0.0,0.0,1981,1981-09-19
1981-09-19T04:00,12.1,91,68,0.0,0.0,1981,1981-09-19
1981-09-19T05:00,12.1,90,73,0.0,0.0,1981,1981-09-19
1981-09-19T06:00,11.9,90,89,0.0,0.0,1981,1981-09-19
1981-09-19T07:00,12.2,88,68,0.0,0.0,1981,1981-09-19
1981-09-19T08:00,12.8,87,54,0.0,0.0,1981,1981-09-19
1981-09-19T09:00,13.6,81,53,0.0,0.0,1981,1981-09-19
1981-09-19T10:00,14.8,73,100,0.0,0.0,1981,1981-09-19
1981-09-19T11:00,15.8,66,100,0.0,0.0,1981,1981-09-19
1981-09-19T12:00,16.3,62,100,0.0,0.0,1981,1981-09-19
1981-09-19T13:00,16.8,60,98,0.0,0.0,1981,1981-09-19
1981-09-19T14:00,17.1,59,100,0.0,0.0,1981,1981-09-19
1981-09-19T15:00,17.0,61,100,0.0,0.0,1981,1981-09-19
1981-09-19T16:00,15.4,74,100,0.2,0.2,1981,1981-09-19
1981-09-19T17:00,15.1,80,100,0.4,0.4,1981,1981-09-19
1981-09-19T18:00,14.6,88,100,0.8,0.8,1981,1981-09-19
1981-09-19T19:00,14.5,90,100,1.8,1.8,1981,1981-09-19
1981-09-19T20:00,15.3,90,100,2.7,2.7,1981,1981-09-19
1981-09-19T21:00,15.9,91,100,1.5,1.5,1981,1981-09-19
1981-09-19T22:00,16.4,90,100,1.7,1.7,1981,1981-09-19
1981-09-19T23:00,17.0,90,100,2.5,2.5,1981,1981-09-19
1982-09-19T00:00,16.2,89,76,0.0,0.0,1982,1982-09-19
1982-09-19T01:00,15.6,91,56,0.0,0.0,1982,1982-09-19
1982-09-19T02:00,14.9,93,61,0.0,0.0,1982,1982-09-19
1982-09-19T03:00,14.4,94,78,0.0,0.0,1982,1982-09-19
1982-09-19T04:00,13.8,96,86,0.0,0.0,1982,1982-09-19
1982-09-19T05:00,13.9,96,95,0.0,0.0,1982,1982-09-19
1982-09-19T06:00,13.8,97,97,0.0,0.0,1982,1982-09-19
1982-09-19T07:00,13.1,99,99,0.0,0.0,1982,1982-09-19
1982-09-19T08:00,15.1,95,99,0.0,0.0,1982,1982-09-19
1982-09-19T09:00,16.5,90,100,0.4,0.4,1982,1982-09-19
1982-09-19T10:00,18.2,83,99,0.1,0.1,1982,1982-09-19
1982-09-19T11:00,19.9,77,99,0.2,0.2,1982,1982-09-19
1982-09-19T12:00,21.1,73,100,0.0,0.0,1982,1982-09-19
1982-09-19T13:00,22.0,71,100,0.3,0.3,1982,1982-09-19
1982-09-19T14:00,22.0,72,100,0.9,0.9,1982,1982-09-19
1982-09-19T15:00,21.5,75,100,0.6,0.6,1982,1982-09-19
1982-09-19T16:00,20.5,84,99,1.0,1.0,1982,1982-09-19
1982-09-19T17:00,19.8,87,99,0.9,0.9,1982,1982-09-19
1982-09-19T18:00,19.1,90,98,1.2,1.2,1982,1982-09-19
1982-09-19T19:00,18.3,93,99,0.8,0.8,1982,1982-09-19
1982-09-19T20:00,17.6,92,100,0.0,0.0,1982,1982-09-19
1982-09-19T21:00,17.3,93,99,0.0,0.0,1982,1982-09-19
1982-09-19T22:00,17.0,95,100,0.0,0.0,1982,1982-09-19
1982-09-19T23:00,16.9,96,98,0.0,0.0,1982,1982-09-19
1983-09-19T00:00,12.2,78,11,0.0,0.0,1983,1983-09-19
1983-09-19T01:00,12.1,78,6,0.0,0.0,1983,1983-09-19
1983-09-19T02:00,11.9,79,10,0.0,0.0,1983,1983-09-19
1983-09-19T03:00,11.7,79,15,0.0,0.0,1983,1983-09-19
1983-09-19T04:00,11.5,80,16,0.0,0.0,1983,1983-09-19
1983-09-19T05:00,11.4,80,16,0.0,0.0,1983,1983-09-19
1983-09-19T06:00,11.4,80,18,0.0,0.0,1983,1983-09-19
1983-09-19T07:00,11.2,81,78,0.0,0.0,1983,1983-09-19
1983-09-19T08:00,11.9,81,74,0.0,0.0,1983,1983-09-19
1983-09-19T09:00,13.4,77,59,0.0,0.0,1983,1983-09-19
1983-09-19T10:00,14.8,69,54,0.0,0.0,1983,1983-09-19
1983-09-19T11:00,15.8,61,48,0.0,0.0,1983,1983-09-19
1983-09-19T12:00,16.4,58,40,0.2,0.2,1983,1983-09-19
1983-09-19T13:00,16.6,57,39,0.0,0.0,1983,1983-09-19
1983-09-19T14:00,17.0,56,36,0.0,0.0,1983,1983-09-19
1983-09-19T15:00,17.0,57,50,0.0,0.0,1983,1983-09-19
1983-09-19T16:00,16.6,57,34,0.1,0.1,1983,1983-09-19
1983-09-19T17:00,16.0,62,35,0.1,0.1,1983,1983-09-19
1983-09-19T18:00,15.5,64,33,0.0,0.0,1983,1983-09-19
1983-09-19T19:00,14.6,67,32,0.0,0.0,1983,1983-09-19
1983-09-19T20:00,13.4,65,21,0.0,0.0,1983,1983-09-19
1983-09-19T21:00,12.8,67,6,0.0,0.0,1983,1983-09-19
1983-09-19T22:00,12.1,71,9,0.0,0.0,1983,1983-09-19
1983-09-19T23:00,11.7,74,5,0.0,0.0,1983,1983-09-19
1984-09-19T00:00,10.5,85,100,0.0,0.0,1984,1984-09-19
1984-09-19T01:00,10.6,85,100,0.0,0.0,1984,1984-09-19
1984-09-19T02:00,10.6,86,100,0.0,0.0,1984,1984-09-19
1984-09-19T03:00,10.6,86,100,0.0,0.0,1984,1984-09-19
1984-09-19T04:00,10.6,87,100,0.0,0.0,1984,1984-09-19
1984-09-19T05:00,10.9,87,100,0.0,0.0,1984,1984-09-19
1984-09-19T06:00,11.6,87,100,0.0,0.0,1984,1984-09-19
1984-09-19T07:00,12.1,87,100,0.0,0.0,1984,1984-09-19
1984-09-19T08:00,13.0,90,99,0.0,0.0,1984,1984-09-19
1984-09-19T09:00,13.8,87,99,0.0,0.0,1984,1984-09-19
1984-09-19T10:00,14.8,73,95,0.0,0.0,1984,1984-09-19
1984-09-19T11:00,15.1,65,87,0.0,0.0,1984,1984-09-19
1984-09-19T12:00,15.3,61,68,0.0,0.0,1984,1984-09-19
1984-09-19T13:00,15.9,57,89,0.0,0.0,1984,1984-09-19
1984-09-19T14:00,16.2,55,100,0.0,0.0,1984,1984-09-19
1984-09-19T15:00,16.0,55,100,0.0,0.0,1984,1984-09-19
1984-09-19T16:00,15.9,56,99,0.0,0.0,1984,1984-09-19
1984-09-19T17:00,15.7,57,99,0.0,0.0,1984,1984-09-19
1984-09-19T18:00,15.4,58,97,0.0,0.0,1984,1984-09-19
1984-09-19T19:00,14.9,60,98,0.0,0.0,1984,1984-09-19
1984-09-19T20:00,14.2,63,97,0.0,0.0,1984,1984-09-19
1984-09-19T21:00,13.5,68,93,0.0,0.0,1984,1984-09-19
1984-09-19T22:00,13.4,71,97,0.0,0.0,1984,1984-09-19
1984-09-19T23:00,13.1,74,88,0.0,0.0,1984,1984-09-19
1985-09-19T00:00,15.8,91,92,0.0,0.0,1985,1985-09-19
1985-09-19T01:00,16.0,91,94,0.0,0.0,1985,1985-09-19
1985-09-19T02:00,16.2,92,96,0.0,0.0,1985,1985-09-19
1985-09-19T03:00,16.2,93,96,0.0,0.0,1985,1985-09-19
1985-09-19T04:00,16.0,94,98,0.0,0.0,1985,1985-09-19
1985-09-19T05:00,15.9,95,99,0.0,0.0,1985,1985-09-19
1985-09-19T06:00,15.9,95,97,0.0,0.0,1985,1985-09-19
1985-09-19T07:00,15.8,95,97,0.0,0.0,1985,1985-09-19
1985-09-19T08:00,16.4,94,93,0.0,0.0,1985,1985-09-19
1985-09-19T09:00,17.3,90,99,0.0,0.0,1985,1985-09-19
1985-09-19T10:00,18.1,86,99,0.0,0.0,1985,1985-09-19
1985-09-19T11:00,18.4,83,100,0.0,0.0,1985,1985-09-19
1985-09-19T12:00,18.7,77,100,0.0,0.0,1985,1985-09-19
1985-09-19T13:00,18.8,73,100,0.0,0.0,1985,1985-09-19
1985-09-19T14:00,18.9,69,99,0.0,0.0,1985,1985-09-19
1985-09-19T15:00,19.0,68,100,0.0,0.0,1985,1985-09-19
1985-09-19T16:00,19.2,66,97,0.0,0.0,1985,1985-09-19
1985-09-19T17:00,19.4,65,87,0.0,0.0,1985,1985-09-19
1985-09-19T18:00,18.9,68,98,0.0,0.0,1985,1985-09-19
1985-09-19T19:00,17.8,74,84,0.0,0.0,1985,1985-09-19
1985-09-19T20:00,16.9,78,90,0.0,0.0,1985,1985-09-19
1985-09-19T21:00,16.1,82,92,0.0,0.0,1985,1985-09-19
1985-09-19T22:00,15.7,84,95,0.0,0.0,1985,1985-09-19
1985-09-19T23:00,15.1,86,99,0.0,0.0,1985,1985-09-19
1986-09-19T00:00,7.3,90,10,0.0,0.0,1986,1986-09-19
1986-09-19T01:00,6.9,92,9,0.0,0.0,1986,1986-09-19
1986-09-19T02:00,6.5,92,8,0.0,0.0,1986,1986-09-19
1986-09-19T03:00,6.3,93,12,0.0,0.0,1986,1986-09-19
1986-09-19T04:00,6.1,94,22,0.0,0.0,1986,1986-09-19
1986-09-19T05:00,5.8,94,24,0.0,0.0,1986,1986-09-19
1986-09-19T06:00,5.6,94,29,0.0,0.0,1986,1986-09-19
1986-09-19T07:00,5.3,94,29,0.0,0.0,1986,1986-09-19
1986-09-19T08:00,7.0,94,28,0.0,0.0,1986,1986-09-19
1986-09-19T09:00,9.2,86,13,0.0,0.0,1986,1986-09-19
1986-09-19T10:00,11.0,79,14,0.0,0.0,1986,1986-09-19
1986-09-19T11:00,12.6,73,19,0.0,0.0,1986,1986-09-19
1986-09-19T12:00,13.9,66,29,0.0,0.0,1986,1986-09-19
1986-09-19T13:00,14.5,63,69,0.0,0.0,1986,1986-09-19
1986-09-19T14:00,14.7,62,86,0.0,0.0,1986,1986-09-19
1986-09-19T15:00,14.6,62,98,0.0,0.0,1986,1986-09-19
1986-09-19T16:00,14.6,61,92,0.0,0.0,1986,1986-09-19
1986-09-19T17:00,14.4,62,65,0.0,0.0,1986,1986-09-19
1986-09-19T18:00,13.9,66,16,0.0,0.0,1986,1986-09-19
1986-09-19T19:00,12.8,71,5,0.0,0.0,1986,1986-09-19
1986-09-19T20:00,10.9,81,1,0.0,0.0,1986,1986-09-19
1986-09-19T21:00,9.1,90,1,0.0,0.0,1986,1986-09-19
1986-09-19T22:00,8.2,91,0,0.0,0.0,1986,1986-09-19
1986-09-19T23:00,8.1,91,0,0.0,0.0,1986,1986-09-19
1987-09-19T00:00,12.3,88,100,0.0,0.0,1987,1987-09-19
1987-09-19T01:00,13.1,88,100,0.0,0.0,1987,1987-09-19
1987-09-19T02:00,13.6,88,97,0.0,0.0,1987,1987-09-19
1987-09-19T03:00,13.4,92,76,0.0,0.0,1987,1987-09-19
1987-09-19T04:00,12.9,95,92,0.0,0.0,1987,1987-09-19
1987-09-19T05:00,13.0,95,95,0.0,0.0,1987,1987-09-19
1987-09-19T06:00,12.9,94,100,0.0,0.0,1987,1987-09-19
1987-09-19T07:00,12.8,94,99,0.0,0.0,1987,1987-09-19
1987-09-19T08:00,13.6,94,99,0.9,0.9,1987,1987-09-19
1987-09-19T09:00,14.5,88,100,0.2,0.2,1987,1987-09-19
1987-09-19T10:00,14.4,91,100,0.6,0.6,1987,1987-09-19
1987-09-19T11:00,14.6,90,100,0.6,0.6,1987,1987-09-19
1987-09-19T12:00,15.1,88,100,0.3,0.3,1987,1987-09-19
1987-09-19T13:00,15.9,84,100,0.1,0.1,1987,1987-09-19
1987-09-19T14:00,16.5,82,100,0.2,0.2,1987,1987-09-19
1987-09-19T15:00,16.8,84,100,0.7,0.7,1987,1987-09-19
1987-09-19T16:00,17.0,86,99,0.1,0.1,1987,1987-09-19
1987-09-19T17:00,17.0,87,100,0.2,0.2,1987,1987-09-19
1987-09-19T18:00,17.4,87,88,0.4,0.4,1987,1987-09-19
1987-09-19T19:00,17.2,89,93,0.8,0.8,1987,1987-09-19
1987-09-19T20:00,16.0,93,100,0.8,0.8,1987,1987-09-19
1987-09-19T21:00,16.1,95,97,0.0,0.0,1987,1987-09-19
1987-09-19T22:00,16.5,96,84,0.0,0.0,1987,1987-09-19
1987-09-19T23:00,16.5,96,88,0.0,0.0,1987,1987-09-19
1988-09-19T00:00,12.4,85,60,0.0,0.0,1988,1988-09-19
1988-09-19T01:00,12.0,86,59,0.0,0.0,1988,1988-09-19
1988-09-19T02:00,12.2,84,62,0.0,0.0,1988,1988-09-19
1988-09-19T03:00,12.1,84,57,0.0,0.0,1988,1988-09-19
1988-09-19T04:00,12.0,83,49,0.0,0.0,1988,1988-09-19
1988-09-19T05:00,11.6,84,47,0.0,0.0,1988,1988-09-19
1988-09-19T06:00,11.1,86,55,0.0,0.0,1988,1988-09-19
1988-09-19T07:00,10.4,90,56,0.0,0.0,1988,1988-09-19
1988-09-19T08:00,10.5,90,65,0.0,0.0,1988,1988-09-19
1988-09-19T09:00,11.8,83,52,0.0,0.0,1988,1988-09-19
1988-09-19T10:00,13.1,76,52,0.0,0.0,1988,1988-09-19
1988-09-19T11:00,14.4,71,55,0.0,0.0,1988,1988-09-19
1988-09-19T12:00,15.4,64,32,0.0,0.0,1988,1988-09-19
1988-09-19T13:00,16.2,62,10,0.0,0.0,1988,1988-09-19
1988-09-19T14:00,17.0,60,6,0.0,0.0,1988,1988-09-19
1988-09-19T15:00,17.5,59,4,0.0,0.0,1988,1988-09-19
1988-09-19T16:00,17.7,59,3,0.0,0.0,1988,1988-09-19
1988-09-19T17:00,17.6,59,6,0.0,0.0,1988,1988-09-19
1988-09-19T18:00,17.1,63,1,0.0,0.0,1988,1988-09-19
1988-09-19T19:00,16.2,67,1,0.0,0.0,1988,1988-09-19
1988-09-19T20:00,14.3,76,1,0.0,0.0,1988,1988-09-19
1988-09-19T21:00,12.9,83,1,0.0,0.0,1988,1988-09-19
1988-09-19T22:00,11.6,89,0,0.0,0.0,1988,1988-09-19
1988-09-19T23:00,10.8,91,0,0.0,0.0,1988,1988-09-19
1989-09-19T00:00,16.3,88,58,0.0,0.0,1989,1989-09-19
1989-09-19T01:00,16.0,88,68,0.0,0.0,1989,1989-09-19
1989-09-19T02:00,16.0,89,59,0.0,0.0,1989,1989-09-19
1989-09-19T03:00,16.0,90,72,0.0,0.0,1989,1989-09-19
1989-09-19T04:00,15.8,92,95,0.1,0.1,1989,1989-09-19
1989-09-19T05:00,15.8,92,99,0.3,0.3,1989,1989-09-19
1989-09-19T06:00,15.6,92,94,0.2,0.2,1989,1989-09-19
1989-09-19T07:00,15.4,91,97,0.2,0.2,1989,1989-09-19
1989-09-19T08:00,14.9,84,92,0.0,0.0,1989,1989-09-19
1989-09-19T09:00,15.2,80,54,0.0,0.0,1989,1989-09-19
1989-09-19T10:00,16.1,71,21,0.0,0.0,1989,1989-09-19
1989-09-19T11:00,17.3,62,10,0.0,0.0,1989,1989-09-19
1989-09-19T12:00,18.3,55,13,0.0,0.0,1989,1989-09-19
1989-09-19T13:00,19.0,50,46,0.0,0.0,1989,1989-09-19
1989-09-19T14:00,19.5,47,56,0.0,0.0,1989,1989-09-19
1989-09-19T15:00,19.5,46,59,0.0,0.0,1989,1989-09-19
1989-09-19T16:00,19.4,45,58,0.0,0.0,1989,1989-09-19
1989-09-19T17:00,18.9,46,73,0.0,0.0,1989,1989-09-19
1989-09-19T18:00,18.2,49,48,0.0,0.0,1989,1989-09-19
1989-09-19T19:00,16.9,55,16,0.0,0.0,1989,1989-09-19
1989-09-19T20:00,15.6,61,86,0.0,0.0,1989,1989-09-19
1989-09-19T21:00,14.6,68,83,0.0,0.0,1989,1989-09-19
1989-09-19T22:00,13.9,73,61,0.0,0.0,1989,1989-09-19
1989-09-19T23:00,13.1,78,23,0.0,0.0,1989,1989-09-19
1990-09-19T00:00,14.9,78,100,0.0,0.0,1990,1990-09-19
1990-09-19T01:00,14.9,77,100,0.0,0.0,1990,1990-09-19
1990-09-19T02:00,14.8,77,100,0.0,0.0,1990,1990-09-19
1990-09-19T03:00,14.8,78,100,0.0,0.0,1990,1990-09-19
1990-09-19T04:00,14.8,78,100,0.0,0.0,1990,1990-09-19
1990-09-19T05:00,14.9,77,100,0.0,0.0,1990,1990-09-19
1990-09-19T06:00,14.8,78,100,0.3,0.3,1990,1990-09-19
1990-09-19T07:00,14.2,85,100,1.7,1.7,1990,1990-09-19
1990-09-19T08:00,14.2,89,100,1.1,1.1,1990,1990-09-19
1990-09-19T09:00,14.4,90,100,0.2,0.2,1990,1990-09-19
1990-09-19T10:00,14.9,91,78,0.2,0.2,1990,1990-09-19
1990-09-19T11:00,15.0,83,42,0.3,0.3,1990,1990-09-19
1990-09-19T12:00,14.7,59,23,0.0,0.0,1990,1990-09-19
1990-09-19T13:00,15.4,47,76,0.0,0.0,1990,1990-09-19
1990-09-19T14:00,15.8,43,81,0.0,0.0,1990,1990-09-19
1990-09-19T15:00,16.1,40,67,0.0,0.0,1990,1990-09-19
1990-09-19T16:00,16.2,38,55,0.0,0.0,1990,1990-09-19
1990-09-19T17:00,15.9,38,57,0.0,0.0,1990,1990-09-19
1990-09-19T18:00,15.2,40,73,0.0,0.0,1990,1990-09-19
1990-09-19T19:00,14.1,44,81,0.0,0.0,1990,1990-09-19
1990-09-19T20:00,13.4,45,77,0.0,0.0,1990,1990-09-19
1990-09-19T21:00,13.1,47,89,0.0,0.0,1990,1990-09-19
1990-09-19T22:00,12.4,49,4,0.0,0.0,1990,1990-09-19
1990-09-19T23:00,11.4,54,0,0.0,0.0,1990,1990-09-19
1991-09-19T00:00,13.4,63,73,0.0,0.0,1991,1991-09-19
1991-09-19T01:00,12.2,66,44,0.0,0.0,1991,1991-09-19
1991-09-19T02:00,11.2,71,20,0.0,0.0,1991,1991-09-19
1991-09-19T03:00,10.4,76,27,0.0,0.0,1991,1991-09-19
1991-09-19T04:00,10.6,74,17,0.0,0.0,1991,1991-09-19
1991-09-19T05:00,10.3,76,14,0.0,0.0,1991,1991-09-19
1991-09-19T06:00,9.6,81,36,0.0,0.0,1991,1991-09-19
1991-09-19T07:00,8.8,84,66,0.0,0.0,1991,1991-09-19
1991-09-19T08:00,8.9,90,92,0.0,0.0,1991,1991-09-19
1991-09-19T09:00,11.9,76,95,0.0,0.0,1991,1991-09-19
1991-09-19T10:00,13.9,68,99,0.0,0.0,1991,1991-09-19
1991-09-19T11:00,15.2,61,100,0.0,0.0,1991,1991-09-19
1991-09-19T12:00,16.2,54,100,0.0,0.0,1991,1991-09-19
1991-09-19T13:00,17.0,49,100,0.0,0.0,1991,1991-09-19
1991-09-19T14:00,17.0,48,100,0.0,0.0,1991,1991-09-19
1991-09-19T15:00,17.2,48,100,0.0,0.0,1991,1991-09-19
1991-09-19T16:00,17.2,48,100,0.0,0.0,1991,1991-09-19
1991-09-19T17:00,17.0,48,99,0.0,0.0,1991,1991-09-19
1991-09-19T18:00,16.6,49,98,0.0,0.0,1991,1991-09-19
1991-09-19T19:00,16.0,54,91,0.0,0.0,1991,1991-09-19
1991-09-19T20:00,14.9,62,92,0.0,0.0,1991,1991-09-19
1991-09-19T21:00,13.9,69,81,0.0,0.0,1991,1991-09-19
1991-09-19T22:00,13.4,72,60,0.0,0.0,1991,1991-09-19
1991-09-19T23:00,13.0,71,50,0.0,0.0,1991,1991-09-19
1992-09-19T00:00,12.6,99,55,0.0,0.0,1992,1992-09-19
1992-09-19T01:00,12.2,100,100,0.0,0.0,1992,1992-09-19
1992-09-19T02:00,11.9,100,100,0.0,0.0,1992,1992-09-19
1992-09-19T03:00,12.1,100,100,0.0,0.0,1992,1992-09-19
1992-09-19T04:00,12.6,99,100,0.0,0.0,1992,1992-09-19
1992-09-19T05:00,12.6,99,100,0.0,0.0,1992,1992-09-19
1992-09-19T06:00,12.9,99,100,0.0,0.0,1992,1992-09-19
1992-09-19T07:00,12.9,99,100,0.0,0.0,1992,1992-09-19
1992-09-19T08:00,13.2,99,100,0.0,0.0,1992,1992-09-19
1992-09-19T09:00,13.6,98,100,0.0,0.0,1992,1992-09-19
1992-09-19T10:00,14.4,93,89,0.0,0.0,1992,1992-09-19
1992-09-19T11:00,15.1,91,99,0.0,0.0,1992,1992-09-19
1992-09-19T12:00,16.1,87,99,0.2,0.2,1992,1992-09-19
1992-09-19T13:00,17.2,84,99,0.0,0.0,1992,1992-09-19
1992-09-19T14:00,17.6,83,79,0.0,0.0,1992,1992-09-19
1992-09-19T15:00,18.5,81,60,0.0,0.0,1992,1992-09-19
1992-09-19T16:00,19.0,78,92,0.0,0.0,1992,1992-09-19
1992-09-19T17:00,18.7,77,73,0.2,0.2,1992,1992-09-19
1992-09-19T18:00,18.0,77,83,0.0,0.0,1992,1992-09-19
1992-09-19T19:00,16.6,79,91,0.0,0.0,1992,1992-09-19
1992-09-19T20:00,15.6,86,97,0.0,0.0,1992,1992-09-19
1992-09-19T21:00,15.0,88,96,0.0,0.0,1992,1992-09-19
1992-09-19T22:00,14.4,90,88,0.0,0.0,1992,1992-09-19
1992-09-19T23:00,14.1,91,77,0.0,0.0,1992,1992-09-19
1993-09-19T00:00,10.2,81,1,0.0,0.0,1993,1993-09-19
1993-09-19T01:00,9.6,84,14,0.0,0.0,1993,1993-09-19
1993-09-19T02:00,9.0,87,4,0.0,0.0,1993,1993-09-19
1993-09-19T03:00,8.5,90,5,0.0,0.0,1993,1993-09-19
1993-09-19T04:00,8.1,91,5,0.0,0.0,1993,1993-09-19
1993-09-19T05:00,7.9,92,0,0.0,0.0,1993,1993-09-19
1993-09-19T06:00,7.8,93,0,0.0,0.0,1993,1993-09-19
1993-09-19T07:00,7.8,93,0,0.0,0.0,1993,1993-09-19
1993-09-19T08:00,9.1,93,13,0.0,0.0,1993,1993-09-19
1993-09-19T09:00,11.8,85,87,0.0,0.0,1993,1993-09-19
1993-09-19T10:00,13.7,79,94,0.0,0.0,1993,1993-09-19
1993-09-19T11:00,15.2,74,95,0.0,0.0,1993,1993-09-19
1993-09-19T12:00,16.5,68,96,0.0,0.0,1993,1993-09-19
1993-09-19T13:00,17.5,64,65,0.0,0.0,1993,1993-09-19
1993-09-19T14:00,18.2,61,41,0.0,0.0,1993,1993-09-19
1993-09-19T15:00,18.5,60,5,0.0,0.0,1993,1993-09-19
1993-09-19T16:00,18.7,60,7,0.0,0.0,1993,1993-09-19
1993-09-19T17:00,18.4,61,26,0.0,0.0,1993,1993-09-19
1993-09-19T18:00,17.4,67,38,0.0,0.0,1993,1993-09-19
1993-09-19T19:00,15.7,74,34,0.0,0.0,1993,1993-09-19
1993-09-19T20:00,14.4,76,9,0.0,0.0,1993,1993-09-19
1993-09-19T21:00,13.4,81,1,0.0,0.0,1993,1993-09-19
1993-09-19T22:00,12.7,85,6,0.0,0.0,1993,1993-09-19
1993-09-19T23:00,12.2,88,21,0.0,0.0,1993,1993-09-19
1994-09-19T00:00,8.7,77,100,0.0,0.0,1994,1994-09-19
1994-09-19T01:00,8.6,77,100,0.0,0.0,1994,1994-09-19
1994-09-19T02:00,8.3,78,100,0.0,0.0,1994,1994-09-19
1994-09-19T03:00,8.9,76,100,0.0,0.0,1994,1994-09-19
1994-09-19T04:00,9.1,76,100,0.4,0.4,1994,1994-09-19
1994-09-19T05:00,9.3,77,100,0.0,0.0,1994,1994-09-19
1994-09-19T06:00,9.4,79,100,0.0,0.0,1994,1994-09-19
1994-09-19T07:00,9.6,82,100,0.4,0.4,1994,1994-09-19
1994-09-19T08:00,9.9,91,100,0.7,0.7,1994,1994-09-19
1994-09-19T09:00,10.4,91,100,0.8,0.8,1994,1994-09-19
1994-09-19T10:00,10.8,91,100,0.8,0.8,1994,1994-09-19
1994-09-19T11:00,11.1,91,100,0.8,0.8,1994,1994-09-19
1994-09-19T12:00,11.3,90,100,0.6,0.6,1994,1994-09-19
1994-09-19T13:00,11.5,90,100,0.4,0.4,1994,1994-09-19
1994-09-19T14:00,11.4,90,100,1.6,1.6,1994,1994-09-19
1994-09-19T15:00,11.6,90,100,0.5,0.5,1994,1994-09-19
1994-09-19T16:00,11.5,90,100,1.5,1.5,1994,1994-09-19
1994-09-19T17:00,11.6,91,100,1.0,1.0,1994,1994-09-19
1994-09-19T18:00,11.6,91,100,0.8,0.8,1994,1994-09-19
1994-09-19T19:00,11.7,92,100,1.1,1.1,1994,1994-09-19
1994-09-19T20:00,12.2,93,100,0.3,0.3,1994,1994-09-19
1994-09-19T21:00,12.4,94,100,0.1,0.1,1994,1994-09-19
1994-09-19T22:00,12.6,96,100,0.1,0.1,1994,1994-09-19
1994-09-19T23:00,12.6,98,100,0.1,0.1,1994,1994-09-19
1995-09-19T00:00,14.9,94,99,0.7,0.7,1995,1995-09-19
1995-09-19T01:00,14.9,93,100,0.2,0.2,1995,1995-09-19
1995-09-19T02:00,14.7,94,98,0.2,0.2,1995,1995-09-19
1995-09-19T03:00,14.6,95,85,0.1,0.1,1995,1995-09-19
1995-09-19T04:00,14.4,95,100,0.0,0.0,1995,1995-09-19
1995-09-19T05:00,14.1,96,100,0.2,0.2,1995,1995-09-19
1995-09-19T06:00,14.1,96,100,0.1,0.1,1995,1995-09-19
1995-09-19T07:00,14.4,97,100,0.0,0.0,1995,1995-09-19
1995-09-19T08:00,14.9,95,100,0.0,0.0,1995,1995-09-19
1995-09-19T09:00,15.4,93,100,0.0,0.0,1995,1995-09-19
1995-09-19T10:00,16.4,87,100,0.0,0.0,1995,1995-09-19
1995-09-19T11:00,17.5,80,100,0.0,0.0,1995,1995-09-19
1995-09-19T12:00,18.1,75,100,0.2,0.2,1995,1995-09-19
1995-09-19T13:00,18.8,72,87,0.2,0.2,1995,1995-09-19
1995-09-19T14:00,19.0,71,49,0.1,0.1,1995,1995-09-19
1995-09-19T15:00,18.9,71,29,0.0,0.0,1995,1995-09-19
1995-09-19T16:00,18.4,73,46,0.0,0.0,1995,1995-09-19
1995-09-19T17:00,17.8,75,86,0.0,0.0,1995,1995-09-19
1995-09-19T18:00,17.0,77,97,0.0,0.0,1995,1995-09-19
1995-09-19T19:00,15.9,78,95,0.0,0.0,1995,1995-09-19
1995-09-19T20:00,14.9,78,77,0.0,0.0,1995,1995-09-19
1995-09-19T21:00,14.4,78,70,0.0,0.0,1995,1995-09-19
1995-09-19T22:00,13.9,79,54,0.0,0.0,1995,1995-09-19
1995-09-19T23:00,13.4,80,40,0.0,0.0,1995,1995-09-19
1996-09-19T00:00,12.1,66,43,0.0,0.0,1996,1996-09-19
1996-09-19T01:00,11.6,69,55,0.0,0.0,1996,1996-09-19
1996-09-19T02:00,11.4,70,47,0.0,0.0,1996,1996-09-19
1996-09-19T03:00,11.2,72,45,0.0,0.0,1996,1996-09-19
1996-09-19T04:00,10.9,75,49,0.0,0.0,1996,1996-09-19
1996-09-19T05:00,10.3,81,46,0.0,0.0,1996,1996-09-19
1996-09-19T06:00,10.1,84,62,0.1,0.1,1996,1996-09-19
1996-09-19T07:00,9.8,87,71,0.1,0.1,1996,1996-09-19
1996-09-19T08:00,10.3,87,81,0.3,0.3,1996,1996-09-19
1996-09-19T09:00,11.3,84,90,0.1,0.1,1996,1996-09-19
1996-09-19T10:00,12.0,80,100,0.1,0.1,1996,1996-09-19
1996-09-19T11:00,12.9,77,100,0.1,0.1,1996,1996-09-19
1996-09-19T12:00,12.8,74,100,0.1,0.1,1996,1996-09-19
1996-09-19T13:00,13.1,71,100,0.1,0.1,1996,1996-09-19
1996-09-19T14:00,13.6,65,100,0.0,0.0,1996,1996-09-19
1996-09-19T15:00,13.6,66,100,0.1,0.1,1996,1996-09-19
1996-09-19T16:00,13.4,68,100,0.0,0.0,1996,1996-09-19
1996-09-19T17:00,12.9,73,100,0.0,0.0,1996,1996-09-19
1996-09-19T18:00,12.6,75,100,0.1,0.1,1996,1996-09-19
1996-09-19T19:00,12.6,77,100,0.1,0.1,1996,1996-09-19
1996-09-19T20:00,11.8,87,100,0.3,0.3,1996,1996-09-19
1996-09-19T21:00,12.1,87,100,0.1,0.1,1996,1996-09-19
1996-09-19T22:00,12.2,86,100,0.1,0.1,1996,1996-09-19
1996-09-19T23:00,12.4,86,99,0.1,0.1,1996,1996-09-19
1997-09-19T00:00,14.9,90,66,0.0,0.0,1997,1997-09-19
1997-09-19T01:00,14.6,91,82,0.0,0.0,1997,1997-09-19
1997-09-19T02:00,14.7,90,84,0.0,0.0,1997,1997-09-19
1997-09-19T03:00,14.6,90,86,0.0,0.0,1997,1997-09-19
1997-09-19T04:00,14.7,88,87,0.0,0.0,1997,1997-09-19
1997-09-19T05:00,14.8,88,88,0.3,0.3,1997,1997-09-19
1997-09-19T06:00,14.4,90,91,0.6,0.6,1997,1997-09-19
1997-09-19T07:00,14.1,92,92,0.6,0.6,1997,1997-09-19
1997-09-19T08:00,15.0,87,95,0.0,0.0,1997,1997-09-19
1997-09-19T09:00,15.5,85,95,0.0,0.0,1997,1997-09-19
1997-09-19T10:00,15.8,83,94,0.0,0.0,1997,1997-09-19
1997-09-19T11:00,16.2,81,98,0.0,0.0,1997,1997-09-19
1997-09-19T12:00,16.8,78,99,0.0,0.0,1997,1997-09-19
1997-09-19T13:00,17.0,76,99,0.0,0.0,1997,1997-09-19
1997-09-19T14:00,16.6,76,100,0.0,0.0,1997,1997-09-19
1997-09-19T15:00,16.9,70,100,0.2,0.2,1997,1997-09-19
1997-09-19T16:00,16.6,69,100,0.0,0.0,1997,1997-09-19
1997-09-19T17:00,16.2,69,100,0.0,0.0,1997,1997-09-19
1997-09-19T18:00,15.9,69,100,0.0,0.0,1997,1997-09-19
1997-09-19T19:00,15.6,70,100,0.0,0.0,1997,1997-09-19
1997-09-19T20:00,15.0,74,100,0.0,0.0,1997,1997-09-19
1997-09-19T21:00,14.9,74,100,0.0,0.0,1997,1997-09-19
1997-09-19T22:00,14.9,74,100,0.0,0.0,1997,1997-09-19
1997-09-19T23:00,14.9,73,97,0.0,0.0,1997,1997-09-19
1998-09-19T00:00,15.1,95,100,0.0,0.0,1998,1998-09-19
1998-09-19T01:00,14.9,95,97,0.0,0.0,1998,1998-09-19
1998-09-19T02:00,14.8,95,100,0.0,0.0,1998,1998-09-19
1998-09-19T03:00,14.6,95,100,0.0,0.0,1998,1998-09-19
1998-09-19T04:00,14.5,95,100,0.0,0.0,1998,1998-09-19
1998-09-19T05:00,14.1,97,98,0.0,0.0,1998,1998-09-19
1998-09-19T06:00,13.8,97,100,0.0,0.0,1998,1998-09-19
1998-09-19T07:00,13.7,98,96,0.0,0.0,1998,1998-09-19
1998-09-19T08:00,14.3,97,92,0.0,0.0,1998,1998-09-19
1998-09-19T09:00,15.1,93,73,0.0,0.0,1998,1998-09-19
1998-09-19T10:00,16.0,90,67,0.0,0.0,1998,1998-09-19
1998-09-19T11:00,17.1,86,65,0.0,0.0,1998,1998-09-19
1998-09-19T12:00,19.2,75,50,0.0,0.0,1998,1998-09-19
1998-09-19T13:00,20.0,71,45,0.0,0.0,1998,1998-09-19
1998-09-19T14:00,20.9,67,46,0.0,0.0,1998,1998-09-19
1998-09-19T15:00,21.4,65,29,0.0,0.0,1998,1998-09-19
1998-09-19T16:00,21.4,65,67,0.0,0.0,1998,1998-09-19
1998-09-19T17:00,21.0,69,85,0.0,0.0,1998,1998-09-19
1998-09-19T18:00,20.5,73,80,0.0,0.0,1998,1998-09-19
1998-09-19T19:00,19.5,77,67,0.0,0.0,1998,1998-09-19
1998-09-19T20:00,18.6,81,82,0.0,0.0,1998,1998-09-19
1998-09-19T21:00,17.3,87,69,0.0,0.0,1998,1998-09-19
1998-09-19T22:00,16.1,92,94,0.0,0.0,1998,1998-09-19
1998-09-19T23:00,15.2,95,67,0.0,0.0,1998,1998-09-19
1999-09-19T00:00,16.0,78,100,0.0,0.0,1999,1999-09-19
1999-09-19T01:00,15.8,79,100,0.0,0.0,1999,1999-09-19
1999-09-19T02:00,15.6,79,100,0.0,0.0,1999,1999-09-19
1999-09-19T03:00,15.5,79,100,0.0,0.0,1999,1999-09-19
1999-09-19T04:00,15.4,79,100,0.0,0.0,1999,1999-09-19
1999-09-19T05:00,15.2,79,100,0.1,0.1,1999,1999-09-19
1999-09-19T06:00,15.1,81,100,0.2,0.2,1999,1999-09-19
1999-09-19T07:00,15.0,83,100,0.5,0.5,1999,1999-09-19
1999-09-19T08:00,15.1,89,100,0.9,0.9,1999,1999-09-19
1999-09-19T09:00,15.1,90,100,0.6,0.6,1999,1999-09-19
1999-09-19T10:00,15.4,90,100,0.5,0.5,1999,1999-09-19
1999-09-19T11:00,15.7,90,100,0.4,0.4,1999,1999-09-19
1999-09-19T12:00,15.9,91,100,0.4,0.4,1999,1999-09-19
1999-09-19T13:00,16.1,91,100,0.6,0.6,1999,1999-09-19
1999-09-19T14:00,16.1,91,100,0.8,0.8,1999,1999-09-19
1999-09-19T15:00,16.2,91,99,0.5,0.5,1999,1999-09-19
1999-09-19T16:00,16.3,91,97,0.4,0.4,1999,1999-09-19
1999-09-19T17:00,16.5,91,100,0.4,0.4,1999,1999-09-19
1999-09-19T18:00,16.4,91,100,0.3,0.3,1999,1999-09-19
1999-09-19T19:00,16.1,92,100,0.0,0.0,1999,1999-09-19
1999-09-19T20:00,15.6,92,100,0.6,0.6,1999,1999-09-19
1999-09-19T21:00,15.2,94,100,0.5,0.5,1999,1999-09-19
1999-09-19T22:00,15.1,94,100,0.3,0.3,1999,1999-09-19
1999-09-19T23:00,15.1,95,100,0.3,0.3,1999,1999-09-19
2000-09-19T00:00,12.3,98,100,0.0,0.0,2000,2000-09-19
2000-09-19T01:00,12.2,98,100,0.0,0.0,2000,2000-09-19
2000-09-19T02:00,12.1,98,100,0.4,0.4,2000,2000-09-19
2000-09-19T03:00,12.1,98,100,1.6,1.6,2000,2000-09-19
2000-09-19T04:00,11.9,98,100,3.2,3.2,2000,2000-09-19
2000-09-19T05:00,11.8,97,100,3.2,3.2,2000,2000-09-19
2000-09-19T06:00,11.7,96,100,1.8,1.8,2000,2000-09-19
2000-09-19T07:00,11.6,96,100,2.0,2.0,2000,2000-09-19
2000-09-19T08:00,12.4,96,100,0.2,0.2,2000,2000-09-19
2000-09-19T09:00,12.9,95,100,0.7,0.7,2000,2000-09-19
2000-09-19T10:00,13.2,96,100,1.6,1.6,2000,2000-09-19
2000-09-19T11:00,13.8,93,100,1.6,1.6,2000,2000-09-19
2000-09-19T12:00,14.4,93,100,0.9,0.9,2000,2000-09-19
2000-09-19T13:00,14.7,93,100,1.9,1.9,2000,2000-09-19
2000-09-19T14:00,15.1,90,100,2.8,2.8,2000,2000-09-19
2000-09-19T15:00,15.2,90,100,2.7,2.7,2000,2000-09-19
2000-09-19T16:00,15.4,90,100,2.8,2.8,2000,2000-09-19
2000-09-19T17:00,15.6,89,100,1.6,1.6,2000,2000-09-19
2000-09-19T18:00,15.6,90,100,1.3,1.3,2000,2000-09-19
2000-09-19T19:00,15.4,90,98,0.7,0.7,2000,2000-09-19
2000-09-19T20:00,14.9,91,100,0.6,0.6,2000,2000-09-19
2000-09-19T21:00,14.8,91,100,1.0,1.0,2000,2000-09-19
2000-09-19T22:00,14.4,93,100,0.8,0.8,2000,2000-09-19
2000-09-19T23:00,13.7,95,100,0.0,0.0,2000,2000-09-19
2001-09-19T00:00,11.6,98,100,0.2,0.2,2001,2001-09-19
2001-09-19T01:00,11.7,97,100,0.0,0.0,2001,2001-09-19
2001-09-19T02:00,11.9,96,100,0.5,0.5,2001,2001-09-19
2001-09-19T03:00,11.9,95,100,0.7,0.7,2001,2001-09-19
2001-09-19T04:00,11.9,94,100,1.0,1.0,2001,2001-09-19
2001-09-19T05:00,11.9,93,100,0.7,0.7,2001,2001-09-19
2001-09-19T06:00,12.0,93,100,0.3,0.3,2001,2001-09-19
2001-09-19T07:00,12.1,93,100,0.2,0.2,2001,2001-09-19
2001-09-19T08:00,12.2,95,100,1.2,1.2,2001,2001-09-19
2001-09-19T09:00,12.6,94,100,0.3,0.3,2001,2001-09-19
2001-09-19T10:00,12.8,94,100,0.2,0.2,2001,2001-09-19
2001-09-19T11:00,13.1,93,100,0.2,0.2,2001,2001-09-19
2001-09-19T12:00,13.2,94,100,0.2,0.2,2001,2001-09-19
2001-09-19T13:00,13.4,94,100,0.2,0.2,2001,2001-09-19
2001-09-19T14:00,13.6,92,100,0.0,0.0,2001,2001-09-19
2001-09-19T15:00,13.8,90,100,0.0,0.0,2001,2001-09-19
2001-09-19T16:00,14.1,86,99,0.0,0.0,2001,2001-09-19
2001-09-19T17:00,14.1,83,100,0.0,0.0,2001,2001-09-19
2001-09-19T18:00,14.1,82,100,0.0,0.0,2001,2001-09-19
2001-09-19T19:00,13.4,84,76,0.0,0.0,2001,2001-09-19
2001-09-19T20:00,12.6,86,39,0.0,0.0,2001,2001-09-19
2001-09-19T21:00,12.0,88,71,0.0,0.0,2001,2001-09-19
2001-09-19T22:00,12.1,88,99,0.0,0.0,2001,2001-09-19
2001-09-19T23:00,12.1,87,100,0.0,0.0,2001,2001-09-19
2002-09-19T00:00,13.6,84,95,0.0,0.0,2002,2002-09-19
2002-09-19T01:00,13.6,84,81,0.0,0.0,2002,2002-09-19
2002-09-19T02:00,13.3,86,88,0.0,0.0,2002,2002-09-19
2002-09-19T03:00,13.2,86,94,0.0,0.0,2002,2002-09-19
2002-09-19T04:00,13.2,85,94,0.0,0.0,2002,2002-09-19
2002-09-19T05:00,13.2,84,94,0.0,0.0,2002,2002-09-19
2002-09-19T06:00,13.1,85,89,0.0,0.0,2002,2002-09-19
2002-09-19T07:00,13.1,84,82,0.0,0.0,2002,2002-09-19
2002-09-19T08:00,13.4,85,77,0.0,0.0,2002,2002-09-19
2002-09-19T09:00,14.5,81,65,0.0,0.0,2002,2002-09-19
2002-09-19T10:00,15.6,77,72,0.0,0.0,2002,2002-09-19
2002-09-19T11:00,17.2,68,89,0.0,0.0,2002,2002-09-19
2002-09-19T12:00,17.5,67,100,0.0,0.0,2002,2002-09-19
2002-09-19T13:00,18.0,65,96,0.0,0.0,2002,2002-09-19
2002-09-19T14:00,18.7,62,83,0.1,0.1,2002,2002-09-19
2002-09-19T15:00,18.8,62,100,0.0,0.0,2002,2002-09-19
2002-09-19T16:00,18.5,64,96,0.0,0.0,2002,2002-09-19
2002-09-19T17:00,18.2,65,90,0.0,0.0,2002,2002-09-19
2002-09-19T18:00,17.8,68,93,0.0,0.0,2002,2002-09-19
2002-09-19T19:00,16.9,72,87,0.0,0.0,2002,2002-09-19
2002-09-19T20:00,15.8,76,76,0.0,0.0,2002,2002-09-19
2002-09-19T21:00,14.9,80,65,0.0,0.0,2002,2002-09-19
2002-09-19T22:00,14.0,85,56,0.0,0.0,2002,2002-09-19
2002-09-19T23:00,13.6,87,72,0.0,0.0,2002,2002-09-19
2003-09-19T00:00,15.1,81,61,0.0,0.0,2003,2003-09-19
2003-09-19T01:00,14.7,85,71,0.0,0.0,2003,2003-09-19
2003-09-19T02:00,14.1,90,69,0.0,0.0,2003,2003-09-19
2003-09-19T03:00,13.8,92,72,0.0,0.0,2003,2003-09-19
2003-09-19T04:00,13.6,93,79,0.0,0.0,2003,2003-09-19
2003-09-19T05:00,13.4,94,69,0.0,0.0,2003,2003-09-19
2003-09-19T06:00,13.2,95,59,0.0,0.0,2003,2003-09-19
2003-09-19T07:00,12.9,95,52,0.0,0.0,2003,2003-09-19
2003-09-19T08:00,14.6,93,44,0.0,0.0,2003,2003-09-19
2003-09-19T09:00,16.1,84,65,0.0,0.0,2003,2003-09-19
2003-09-19T10:00,17.8,72,67,0.0,0.0,2003,2003-09-19
2003-09-19T11:00,18.9,64,100,0.0,0.0,2003,2003-09-19
2003-09-19T12:00,20.1,58,85,0.0,0.0,2003,2003-09-19
2003-09-19T13:00,21.1,54,61,0.0,0.0,2003,2003-09-19
2003-09-19T14:00,21.9,52,21,0.0,0.0,2003,2003-09-19
2003-09-19T15:00,22.2,51,10,0.0,0.0,2003,2003-09-19
2003-09-19T16:00,22.1,51,4,0.0,0.0,2003,2003-09-19
2003-09-19T17:00,21.5,53,1,0.0,0.0,2003,2003-09-19
2003-09-19T18:00,20.5,56,0,0.0,0.0,2003,2003-09-19
2003-09-19T19:00,19.0,63,1,0.0,0.0,2003,2003-09-19
2003-09-19T20:00,17.1,72,3,0.0,0.0,2003,2003-09-19
2003-09-19T21:00,16.0,78,1,0.0,0.0,2003,2003-09-19
2003-09-19T22:00,15.1,84,3,0.0,0.0,2003,2003-09-19
2003-09-19T23:00,14.2,88,3,0.0,0.0,2003,2003-09-19
2004-09-19T00:00,11.8,87,0,0.0,0.0,2004,2004-09-19
2004-09-19T01:00,11.1,88,0,0.0,0.0,2004,2004-09-19
2004-09-19T02:00,10.7,90,2,0.0,0.0,2004,2004-09-19
2004-09-19T03:00,10.4,91,4,0.0,0.0,2004,2004-09-19
2004-09-19T04:00,10.1,92,1,0.0,0.0,2004,2004-09-19
2004-09-19T05:00,9.8,92,5,0.0,0.0,2004,2004-09-19
2004-09-19T06:00,9.6,93,73,0.0,0.0,2004,2004-09-19
2004-09-19T07:00,9.3,93,57,0.0,0.0,2004,2004-09-19
2004-09-19T08:00,10.1,93,8,0.0,0.0,2004,2004-09-19
2004-09-19T09:00,12.1,86,7,0.0,0.0,2004,2004-09-19
2004-09-19T10:00,13.8,78,5,0.0,0.0,2004,2004-09-19
2004-09-19T11:00,15.4,67,46,0.0,0.0,2004,2004-09-19
2004-09-19T12:00,16.5,56,80,0.0,0.0,2004,2004-09-19
2004-09-19T13:00,17.1,53,99,0.0,0.0,2004,2004-09-19
2004-09-19T14:00,17.2,52,100,0.0,0.0,2004,2004-09-19
2004-09-19T15:00,17.0,52,100,0.0,0.0,2004,2004-09-19
2004-09-19T16:00,17.0,52,95,0.0,0.0,2004,2004-09-19
2004-09-19T17:00,16.6,53,85,0.0,0.0,2004,2004-09-19
2004-09-19T18:00,16.2,56,80,0.0,0.0,2004,2004-09-19
2004-09-19T19:00,15.6,58,99,0.0,0.0,2004,2004-09-19
2004-09-19T20:00,14.4,69,100,0.0,0.0,2004,2004-09-19
2004-09-19T21:00,14.0,72,100,0.0,0.0,2004,2004-09-19
2004-09-19T22:00,13.9,74,99,0.0,0.0,2004,2004-09-19
2004-09-19T23:00,13.8,76,100,0.0,0.0,2004,2004-09-19
2005-09-19T00:00,13.9,86,100,0.0,0.0,2005,2005-09-19
2005-09-19T01:00,13.9,85,99,0.0,0.0,2005,2005-09-19
2005-09-19T02:00,13.8,85,99,0.0,0.0,2005,2005-09-19
2005-09-19T03:00,13.8,85,98,0.0,0.0,2005,2005-09-19
2005-09-19T04:00,13.6,85,98,0.0,0.0,2005,2005-09-19
2005-09-19T05:00,13.5,86,98,0.0,0.0,2005,2005-09-19
2005-09-19T06:00,13.4,87,96,0.0,0.0,2005,2005-09-19
2005-09-19T07:00,13.3,88,89,0.0,0.0,2005,2005-09-19
2005-09-19T08:00,13.6,90,87,0.0,0.0,2005,2005-09-19
2005-09-19T09:00,14.6,85,84,0.0,0.0,2005,2005-09-19
2005-09-19T10:00,15.4,80,83,0.0,0.0,2005,2005-09-19
2005-09-19T11:00,16.6,68,99,0.0,0.0,2005,2005-09-19
2005-09-19T12:00,17.1,62,100,0.0,0.0,2005,2005-09-19
2005-09-19T13:00,17.5,60,100,0.0,0.0,2005,2005-09-19
2005-09-19T14:00,18.0,58,100,0.0,0.0,2005,2005-09-19
2005-09-19T15:00,18.0,58,87,0.0,0.0,2005,2005-09-19
2005-09-19T16:00,17.9,58,85,0.0,0.0,2005,2005-09-19
2005-09-19T17:00,17.5,59,96,0.0,0.0,2005,2005-09-19
2005-09-19T18:00,17.2,62,98,0.0,0.0,2005,2005-09-19
2005-09-19T19:00,16.5,67,87,0.0,0.0,2005,2005-09-19
2005-09-19T20:00,15.8,72,96,0.0,0.0,2005,2005-09-19
2005-09-19T21:00,15.4,75,99,0.0,0.0,2005,2005-09-19
2005-09-19T22:00,14.8,78,99,0.0,0.0,2005,2005-09-19
2005-09-19T23:00,14.6,79,98,0.0,0.0,2005,2005-09-19
2006-09-19T00:00,16.4,82,100,0.1,0.1,2006,2006-09-19
2006-09-19T01:00,16.5,82,82,0.1,0.1,2006,2006-09-19
2006-09-19T02:00,16.2,83,79,0.0,0.0,2006,2006-09-19
2006-09-19T03:00,15.3,83,83,0.0,0.0,2006,2006-09-19
2006-09-19T04:00,14.1,84,87,0.0,0.0,2006,2006-09-19
2006-09-19T05:00,13.2,85,80,0.0,0.0,2006,2006-09-19
2006-09-19T06:00,12.6,87,54,0.0,0.0,2006,2006-09-19
2006-09-19T07:00,12.2,89,5,0.0,0.0,2006,2006-09-19
2006-09-19T08:00,13.1,86,0,0.0,0.0,2006,2006-09-19
2006-09-19T09:00,14.6,79,67,0.0,0.0,2006,2006-09-19
2006-09-19T10:00,15.9,70,93,0.0,0.0,2006,2006-09-19
2006-09-19T11:00,16.9,63,82,0.0,0.0,2006,2006-09-19
2006-09-19T12:00,17.9,55,38,0.0,0.0,2006,2006-09-19
2006-09-19T13:00,18.6,51,58,0.0,0.0,2006,2006-09-19
2006-09-19T14:00,19.4,45,80,0.0,0.0,2006,2006-09-19
2006-09-19T15:00,19.5,43,91,0.0,0.0,2006,2006-09-19
2006-09-19T16:00,19.2,43,86,0.0,0.0,2006,2006-09-19
2006-09-19T17:00,18.9,44,72,0.0,0.0,2006,2006-09-19
2006-09-19T18:00,18.2,48,100,0.0,0.0,2006,2006-09-19
2006-09-19T19:00,16.7,54,100,0.0,0.0,2006,2006-09-19
2006-09-19T20:00,16.0,57,100,0.0,0.0,2006,2006-09-19
2006-09-19T21:00,15.1,63,100,0.0,0.0,2006,2006-09-19
2006-09-19T22:00,14.5,70,84,0.0,0.0,2006,2006-09-19
2006-09-19T23:00,13.9,77,1,0.0,0.0,2006,2006-09-19
2007-09-19T00:00,10.4,59,95,0.0,0.0,2007,2007-09-19
2007-09-19T01:00,9.6,64,96,0.0,0.0,2007,2007-09-19
2007-09-19T02:00,9.1,68,99,0.0,0.0,2007,2007-09-19
2007-09-19T03:00,8.5,72,94,0.0,0.0,2007,2007-09-19
2007-09-19T04:00,8.4,73,73,0.0,0.0,2007,2007-09-19
2007-09-19T05:00,8.8,72,65,0.0,0.0,2007,2007-09-19
2007-09-19T06:00,9.0,74,92,0.0,0.0,2007,2007-09-19
2007-09-19T07:00,9.4,76,80,0.0,0.0,2007,2007-09-19
2007-09-19T08:00,10.5,81,90,0.0,0.0,2007,2007-09-19
2007-09-19T09:00,11.4,81,95,0.0,0.0,2007,2007-09-19
2007-09-19T10:00,13.1,77,98,0.0,0.0,2007,2007-09-19
2007-09-19T11:00,14.2,74,95,0.0,0.0,2007,2007-09-19
2007-09-19T12:00,16.0,68,100,0.0,0.0,2007,2007-09-19
2007-09-19T13:00,16.9,65,99,0.0,0.0,2007,2007-09-19
2007-09-19T14:00,17.1,64,100,0.0,0.0,2007,2007-09-19
2007-09-19T15:00,17.4,63,100,0.0,0.0,2007,2007-09-19
2007-09-19T16:00,17.7,63,100,0.0,0.0,2007,2007-09-19
2007-09-19T17:00,17.4,64,100,0.0,0.0,2007,2007-09-19
2007-09-19T18:00,17.0,66,99,0.0,0.0,2007,2007-09-19
2007-09-19T19:00,16.4,68,40,0.0,0.0,2007,2007-09-19
2007-09-19T20:00,15.1,75,45,0.0,0.0,2007,2007-09-19
2007-09-19T21:00,14.6,78,51,0.0,0.0,2007,2007-09-19
2007-09-19T22:00,14.4,81,45,0.0,0.0,2007,2007-09-19
2007-09-19T23:00,14.1,83,91,0.0,0.0,2007,2007-09-19
2008-09-19T00:00,9.2,85,81,0.0,0.0,2008,2008-09-19
2008-09-19T01:00,8.6,88,95,0.0,0.0,2008,2008-09-19
2008-09-19T02:00,7.9,91,97,0.0,0.0,2008,2008-09-19
2008-09-19T03:00,7.4,93,95,0.0,0.0,2008,2008-09-19
2008-09-19T04:00,7.6,94,85,0.0,0.0,2008,2008-09-19
2008-09-19T05:00,7.6,93,84,0.0,0.0,2008,2008-09-19
2008-09-19T06:00,7.7,93,94,0.0,0.0,2008,2008-09-19
2008-09-19T07:00,7.8,94,99,0.2,0.2,2008,2008-09-19
2008-09-19T08:00,8.7,95,99,0.0,0.0,2008,2008-09-19
2008-09-19T09:00,11.1,85,96,0.0,0.0,2008,2008-09-19
2008-09-19T10:00,12.8,77,79,0.0,0.0,2008,2008-09-19
2008-09-19T11:00,13.9,67,38,0.0,0.0,2008,2008-09-19
2008-09-19T12:00,15.6,57,8,0.0,0.0,2008,2008-09-19
2008-09-19T13:00,16.6,54,1,0.0,0.0,2008,2008-09-19
2008-09-19T14:00,17.2,53,1,0.0,0.0,2008,2008-09-19
2008-09-19T15:00,17.5,52,7,0.0,0.0,2008,2008-09-19
2008-09-19T16:00,17.6,51,8,0.0,0.0,2008,2008-09-19
2008-09-19T17:00,17.5,52,13,0.0,0.0,2008,2008-09-19
2008-09-19T18:00,16.9,56,2,0.0,0.0,2008,2008-09-19
2008-09-19T19:00,15.6,63,2,0.0,0.0,2008,2008-09-19
2008-09-19T20:00,13.5,71,4,0.0,0.0,2008,2008-09-19
2008-09-19T21:00,11.8,78,1,0.0,0.0,2008,2008-09-19
2008-09-19T22:00,10.5,84,4,0.0,0.0,2008,2008-09-19
2008-09-19T23:00,9.7,86,2,0.0,0.0,2008,2008-09-19
2009-09-19T00:00,12.6,90,53,0.0,0.0,2009,2009-09-19
2009-09-19T01:00,12.8,89,81,0.0,0.0,2009,2009-09-19
2009-09-19T02:00,13.1,88,100,0.0,0.0,2009,2009-09-19
2009-09-19T03:00,13.4,87,100,0.0,0.0,2009,2009-09-19
2009-09-19T04:00,13.6,87,67,0.0,0.0,2009,2009-09-19
2009-09-19T05:00,13.6,88,33,0.0,0.0,2009,2009-09-19
2009-09-19T06:00,13.8,88,37,0.0,0.0,2009,2009-09-19
2009-09-19T07:00,13.9,89,60,0.0,0.0,2009,2009-09-19
2009-09-19T08:00,13.4,94,69,0.0,0.0,2009,2009-09-19
2009-09-19T09:00,14.9,89,69,0.0,0.0,2009,2009-09-19
2009-09-19T10:00,16.7,84,66,0.0,0.0,2009,2009-09-19
2009-09-19T11:00,18.8,76,29,0.0,0.0,2009,2009-09-19
2009-09-19T12:00,20.0,71,29,0.0,0.0,2009,2009-09-19
2009-09-19T13:00,20.9,67,28,0.1,0.1,2009,2009-09-19
2009-09-19T14:00,20.9,67,58,0.0,0.0,2009,2009-09-19
2009-09-19T15:00,21.4,63,68,0.0,0.0,2009,2009-09-19
2009-09-19T16:00,21.5,62,54,0.0,0.0,2009,2009-09-19
2009-09-19T17:00,21.1,63,58,0.3,0.3,2009,2009-09-19
2009-09-19T18:00,20.1,68,67,0.2,0.2,2009,2009-09-19
2009-09-19T19:00,19.4,71,66,0.1,0.1,2009,2009-09-19
2009-09-19T20:00,18.9,77,50,0.0,0.0,2009,2009-09-19
2009-09-19T21:00,18.1,79,50,0.0,0.0,2009,2009-09-19
2009-09-19T22:00,16.9,85,53,0.0,0.0,2009,2009-09-19
2009-09-19T23:00,15.6,90,60,0.0,0.0,2009,2009-09-19
2010-09-19T00:00,10.2,84,94,0.0,0.0,2010,2010-09-19
2010-09-19T01:00,10.7,83,97,0.0,0.0,2010,2010-09-19
2010-09-19T02:00,10.8,84,91,0.0,0.0,2010,2010-09-19
2010-09-19T03:00,10.4,87,96,0.0,0.0,2010,2010-09-19
2010-09-19T04:00,10.4,87,88,0.0,0.0,2010,2010-09-19
2010-09-19T05:00,10.6,87,99,0.0,0.0,2010,2010-09-19
2010-09-19T06:00,10.6,86,100,0.0,0.0,2010,2010-09-19
2010-09-19T07:00,10.6,86,100,0.0,0.0,2010,2010-09-19
2010-09-19T08:00,11.0,87,99,0.0,0.0,2010,2010-09-19
2010-09-19T09:00,12.1,83,98,0.0,0.0,2010,2010-09-19
2010-09-19T10:00,13.4,78,100,0.0,0.0,2010,2010-09-19
2010-09-19T11:00,14.9,69,98,0.0,0.0,2010,2010-09-19
2010-09-19T12:00,16.0,62,100,0.0,0.0,2010,2010-09-19
2010-09-19T13:00,16.4,58,100,0.0,0.0,2010,2010-09-19
2010-09-19T14:00,16.9,54,100,0.0,0.0,2010,2010-09-19
2010-09-19T15:00,17.1,55,100,0.0,0.0,2010,2010-09-19
2010-09-19T16:00,17.0,58,100,0.0,0.0,2010,2010-09-19
2010-09-19T17:00,16.6,63,99,0.0,0.0,2010,2010-09-19
2010-09-19T18:00,16.0,68,100,0.0,0.0,2010,2010-09-19
2010-09-19T19:00,15.4,73,100,0.0,0.0,2010,2010-09-19
2010-09-19T20:00,14.6,80,100,0.0,0.0,2010,2010-09-19
2010-09-19T21:00,14.3,83,95,0.0,0.0,2010,2010-09-19
2010-09-19T22:00,14.1,86,99,0.0,0.0,2010,2010-09-19
2010-09-19T23:00,13.8,88,100,0.0,0.0,2010,2010-09-19
2011-09-19T00:00,10.9,86,34,0.0,0.0,2011,2011-09-19
2011-09-19T01:00,10.4,89,18,0.0,0.0,2011,2011-09-19
2011-09-19T02:00,10.1,90,34,0.0,0.0,2011,2011-09-19
2011-09-19T03:00,9.7,92,26,0.0,0.0,2011,2011-09-19
2011-09-19T04:00,9.6,93,40,0.0,0.0,2011,2011-09-19
2011-09-19T05:00,9.4,93,82,0.0,0.0,2011,2011-09-19
2011-09-19T06:00,9.2,93,62,0.0,0.0,2011,2011-09-19
2011-09-19T07:00,9.2,93,41,0.0,0.0,2011,2011-09-19
2011-09-19T08:00,10.2,93,96,0.0,0.0,2011,2011-09-19
2011-09-19T09:00,11.8,88,90,0.0,0.0,2011,2011-09-19
2011-09-19T10:00,13.4,80,46,0.0,0.0,2011,2011-09-19
2011-09-19T11:00,15.2,67,60,0.0,0.0,2011,2011-09-19
2011-09-19T12:00,16.5,59,100,0.0,0.0,2011,2011-09-19
2011-09-19T13:00,16.9,56,100,0.0,0.0,2011,2011-09-19
2011-09-19T14:00,17.1,55,100,0.0,0.0,2011,2011-09-19
2011-09-19T15:00,17.2,57,100,0.0,0.0,2011,2011-09-19
2011-09-19T16:00,17.5,59,100,0.0,0.0,2011,2011-09-19
2011-09-19T17:00,17.1,63,100,0.0,0.0,2011,2011-09-19
2011-09-19T18:00,16.8,66,100,0.0,0.0,2011,2011-09-19
2011-09-19T19:00,16.2,70,100,0.0,0.0,2011,2011-09-19
2011-09-19T20:00,15.4,79,100,0.0,0.0,2011,2011-09-19
2011-09-19T21:00,15.5,82,100,0.0,0.0,2011,2011-09-19
2011-09-19T22:00,15.6,84,100,0.0,0.0,2011,2011-09-19
2011-09-19T23:00,15.4,84,94,0.0,0.0,2011,2011-09-19
2012-09-19T00:00,9.6,67,0,0.0,0.0,2012,2012-09-19
2012-09-19T01:00,9.1,70,0,0.0,0.0,2012,2012-09-19
2012-09-19T02:00,8.8,74,0,0.0,0.0,2012,2012-09-19
2012-09-19T03:00,8.4,76,0,0.0,0.0,2012,2012-09-19
2012-09-19T04:00,8.1,78,0,0.0,0.0,2012,2012-09-19
2012-09-19T05:00,7.8,80,0,0.0,0.0,2012,2012-09-19
2012-09-19T06:00,7.4,82,0,0.0,0.0,2012,2012-09-19
2012-09-19T07:00,7.2,83,0,0.0,0.0,2012,2012-09-19
2012-09-19T08:00,7.8,85,0,0.0,0.0,2012,2012-09-19
2012-09-19T09:00,9.8,76,0,0.0,0.0,2012,2012-09-19
2012-09-19T10:00,11.5,68,0,0.0,0.0,2012,2012-09-19
2012-09-19T11:00,12.9,60,33,0.0,0.0,2012,2012-09-19
2012-09-19T12:00,14.3,51,36,0.0,0.0,2012,2012-09-19
2012-09-19T13:00,14.8,47,56,0.0,0.0,2012,2012-09-19
2012-09-19T14:00,14.9,46,43,0.0,0.0,2012,2012-09-19
2012-09-19T15:00,14.7,46,81,0.0,0.0,2012,2012-09-19
2012-09-19T16:00,14.6,47,85,0.0,0.0,2012,2012-09-19
2012-09-19T17:00,14.8,45,59,0.0,0.0,2012,2012-09-19
2012-09-19T18:00,14.4,46,63,0.0,0.0,2012,2012-09-19
2012-09-19T19:00,13.7,49,66,0.0,0.0,2012,2012-09-19
2012-09-19T20:00,12.8,57,69,0.0,0.0,2012,2012-09-19
2012-09-19T21:00,11.8,62,79,0.0,0.0,2012,2012-09-19
2012-09-19T22:00,10.9,65,100,0.0,0.0,2012,2012-09-19
2012-09-19T23:00,10.1,69,100,0.0,0.0,2012,2012-09-19
2013-09-19T00:00,8.9,79,0,0.0,0.0,2013,2013-09-19
2013-09-19T01:00,8.3,82,56,0.0,0.0,2013,2013-09-19
2013-09-19T02:00,7.8,85,14,0.0,0.0,2013,2013-09-19
2013-09-19T03:00,7.7,86,38,0.0,0.0,2013,2013-09-19
2013-09-19T04:00,7.7,87,97,0.0,0.0,2013,2013-09-19
2013-09-19T05:00,7.7,87,100,0.0,0.0,2013,2013-09-19
2013-09-19T06:00,7.7,87,100,0.0,0.0,2013,2013-09-19
2013-09-19T07:00,7.4,89,97,0.0,0.0,2013,2013-09-19
2013-09-19T08:00,8.9,89,99,0.0,0.0,2013,2013-09-19
2013-09-19T09:00,10.9,83,100,0.0,0.0,2013,2013-09-19
2013-09-19T10:00,12.8,77,100,0.0,0.0,2013,2013-09-19
2013-09-19T11:00,14.1,70,92,0.0,0.0,2013,2013-09-19
2013-09-19T12:00,15.1,64,99,0.0,0.0,2013,2013-09-19
2013-09-19T13:00,14.8,69,100,0.0,0.0,2013,2013-09-19
2013-09-19T14:00,14.2,76,100,0.5,0.5,2013,2013-09-19
2013-09-19T15:00,14.4,83,100,0.5,0.5,2013,2013-09-19
2013-09-19T16:00,14.9,89,100,0.3,0.3,2013,2013-09-19
2013-09-19T17:00,15.5,92,100,0.0,0.0,2013,2013-09-19
2013-09-19T18:00,16.1,89,83,0.0,0.0,2013,2013-09-19
2013-09-19T19:00,15.4,86,50,0.0,0.0,2013,2013-09-19
2013-09-19T20:00,14.8,91,59,0.0,0.0,2013,2013-09-19
2013-09-19T21:00,14.6,89,80,0.0,0.0,2013,2013-09-19
2013-09-19T22:00,14.1,84,68,0.0,0.0,2013,2013-09-19
2013-09-19T23:00,13.7,79,50,0.0,0.0,2013,2013-09-19
2014-09-19T00:00,15.9,96,61,0.0,0.0,2014,2014-09-19
2014-09-19T01:00,15.3,98,73,0.0,0.0,2014,2014-09-19
2014-09-19T02:00,14.8,99,94,0.0,0.0,2014,2014-09-19
2014-09-19T03:00,14.5,99,82,0.0,0.0,2014,2014-09-19
2014-09-19T04:00,14.2,99,74,0.0,0.0,2014,2014-09-19
2014-09-19T05:00,14.1,99,72,0.0,0.0,2014,2014-09-19
2014-09-19T06:00,13.9,100,87,0.0,0.0,2014,2014-09-19
2014-09-19T07:00,14.2,100,85,0.0,0.0,2014,2014-09-19
2014-09-19T08:00,15.4,98,100,0.0,0.0,2014,2014-09-19
2014-09-19T09:00,16.8,93,96,0.0,0.0,2014,2014-09-19
2014-09-19T10:00,18.3,90,93,0.0,0.0,2014,2014-09-19
2014-09-19T11:00,19.6,85,84,0.0,0.0,2014,2014-09-19
2014-09-19T12:00,21.0,79,76,0.0,0.0,2014,2014-09-19
2014-09-19T13:00,22.3,74,75,0.0,0.0,2014,2014-09-19
2014-09-19T14:00,22.8,72,75,0.3,0.3,2014,2014-09-19
2014-09-19T15:00,22.3,74,64,1.2,1.2,2014,2014-09-19
2014-09-19T16:00,20.8,79,68,1.9,1.9,2014,2014-09-19
2014-09-19T17:00,19.4,86,68,3.6,3.6,2014,2014-09-19
2014-09-19T18:00,19.2,86,25,0.0,0.0,2014,2014-09-19
2014-09-19T19:00,18.5,90,32,0.0,0.0,2014,2014-09-19
2014-09-19T20:00,18.0,94,65,0.0,0.0,2014,2014-09-19
2014-09-19T21:00,16.8,97,60,0.0,0.0,2014,2014-09-19
2014-09-19T22:00,16.2,98,55,0.0,0.0,2014,2014-09-19
2014-09-19T23:00,15.7,99,37,0.0,0.0,2014,2014-09-19
2015-09-19T00:00,11.3,95,6,0.0,0.0,2015,2015-09-19
2015-09-19T01:00,10.8,96,22,0.0,0.0,2015,2015-09-19
2015-09-19T02:00,10.3,97,46,0.0,0.0,2015,2015-09-19
2015-09-19T03:00,9.9,98,73,0.0,0.0,2015,2015-09-19
2015-09-19T04:00,10.3,98,95,0.0,0.0,2015,2015-09-19
2015-09-19T05:00,10.6,98,91,0.0,0.0,2015,2015-09-19
2015-09-19T06:00,10.9,97,74,0.0,0.0,2015,2015-09-19
2015-09-19T07:00,10.9,97,76,0.0,0.0,2015,2015-09-19
2015-09-19T08:00,11.2,95,73,0.0,0.0,2015,2015-09-19
2015-09-19T09:00,12.4,88,80,0.0,0.0,2015,2015-09-19
2015-09-19T10:00,13.2,81,66,0.0,0.0,2015,2015-09-19
2015-09-19T11:00,14.4,73,57,0.0,0.0,2015,2015-09-19
2015-09-19T12:00,15.7,65,49,0.0,0.0,2015,2015-09-19
2015-09-19T13:00,16.6,60,70,0.0,0.0,2015,2015-09-19
2015-09-19T14:00,17.4,55,84,0.0,0.0,2015,2015-09-19
2015-09-19T15:00,17.5,52,82,0.0,0.0,2015,2015-09-19
2015-09-19T16:00,17.4,53,95,0.0,0.0,2015,2015-09-19
2015-09-19T17:00,17.1,55,95,0.0,0.0,2015,2015-09-19
2015-09-19T18:00,16.8,59,97,0.0,0.0,2015,2015-09-19
2015-09-19T19:00,16.4,62,90,0.0,0.0,2015,2015-09-19
2015-09-19T20:00,16.1,64,94,0.0,0.0,2015,2015-09-19
2015-09-19T21:00,14.6,78,91,0.0,0.0,2015,2015-09-19
2015-09-19T22:00,13.6,80,94,0.0,0.0,2015,2015-09-19
2015-09-19T23:00,12.8,83,98,0.0,0.0,2015,2015-09-19
2016-09-19T00:00,16.1,83,90,0.0,0.0,2016,2016-09-19
2016-09-19T01:00,15.9,84,90,0.0,0.0,2016,2016-09-19
2016-09-19T02:00,15.9,83,79,0.0,0.0,2016,2016-09-19
2016-09-19T03:00,15.7,84,97,0.0,0.0,2016,2016-09-19
2016-09-19T04:00,15.4,85,100,0.0,0.0,2016,2016-09-19
2016-09-19T05:00,15.2,85,100,0.0,0.0,2016,2016-09-19
2016-09-19T06:00,15.1,85,100,0.0,0.0,2016,2016-09-19
2016-09-19T07:00,14.6,86,100,0.0,0.0,2016,2016-09-19
2016-09-19T08:00,14.7,91,99,0.0,0.0,2016,2016-09-19
2016-09-19T09:00,15.6,86,100,0.0,0.0,2016,2016-09-19
2016-09-19T10:00,16.8,81,100,0.0,0.0,2016,2016-09-19
2016-09-19T11:00,18.0,76,100,0.0,0.0,2016,2016-09-19
2016-09-19T12:00,19.0,70,99,0.0,0.0,2016,2016-09-19
2016-09-19T13:00,19.4,66,100,0.0,0.0,2016,2016-09-19
2016-09-19T14:00,19.2,65,98,0.0,0.0,2016,2016-09-19
2016-09-19T15:00,18.8,68,99,0.0,0.0,2016,2016-09-19
2016-09-19T16:00,18.5,72,100,0.0,0.0,2016,2016-09-19
2016-09-19T17:00,18.0,75,100,0.2,0.2,2016,2016-09-19
2016-09-19T18:00,17.5,80,100,0.3,0.3,2016,2016-09-19
2016-09-19T19:00,16.9,84,100,0.4,0.4,2016,2016-09-19
2016-09-19T20:00,15.8,92,100,0.3,0.3,2016,2016-09-19
2016-09-19T21:00,15.5,94,100,0.2,0.2,2016,2016-09-19
2016-09-19T22:00,15.4,95,100,0.2,0.2,2016,2016-09-19
2016-09-19T23:00,15.3,95,100,0.0,0.0,2016,2016-09-19
2017-09-19T00:00,10.6,91,100,0.4,0.4,2017,2017-09-19
2017-09-19T01:00,10.7,92,100,0.4,0.4,2017,2017-09-19
2017-09-19T02:00,10.5,94,100,0.5,0.5,2017,2017-09-19
2017-09-19T03:00,10.3,94,91,0.1,0.1,2017,2017-09-19
2017-09-19T04:00,10.0,94,20,0.0,0.0,2017,2017-09-19
2017-09-19T05:00,8.3,97,12,0.0,0.0,2017,2017-09-19
2017-09-19T06:00,7.9,97,3,0.0,0.0,2017,2017-09-19
2017-09-19T07:00,7.4,97,4,0.0,0.0,2017,2017-09-19
2017-09-19T08:00,9.0,93,0,0.0,0.0,2017,2017-09-19
2017-09-19T09:00,10.3,88,0,0.0,0.0,2017,2017-09-19
2017-09-19T10:00,12.0,79,44,0.0,0.0,2017,2017-09-19
2017-09-19T11:00,13.4,67,92,0.0,0.0,2017,2017-09-19
2017-09-19T12:00,14.1,63,53,0.0,0.0,2017,2017-09-19
2017-09-19T13:00,13.8,66,79,0.0,0.0,2017,2017-09-19
2017-09-19T14:00,14.1,65,100,0.1,0.1,2017,2017-09-19
2017-09-19T15:00,14.3,63,100,0.0,0.0,2017,2017-09-19
2017-09-19T16:00,14.4,61,100,0.0,0.0,2017,2017-09-19
2017-09-19T17:00,14.4,60,100,0.0,0.0,2017,2017-09-19
2017-09-19T18:00,14.3,64,98,0.0,0.0,2017,2017-09-19
2017-09-19T19:00,12.9,74,45,0.0,0.0,2017,2017-09-19
2017-09-19T20:00,11.2,76,5,0.0,0.0,2017,2017-09-19
2017-09-19T21:00,9.9,81,20,0.0,0.0,2017,2017-09-19
2017-09-19T22:00,10.1,80,40,0.0,0.0,2017,2017-09-19
2017-09-19T23:00,10.2,80,37,0.0,0.0,2017,2017-09-19
2018-09-19T00:00,16.8,85,92,0.0,0.0,2018,2018-09-19
2018-09-19T01:00,17.2,85,96,0.0,0.0,2018,2018-09-19
2018-09-19T02:00,17.3,81,55,0.0,0.0,2018,2018-09-19
2018-09-19T03:00,17.1,83,49,0.0,0.0,2018,2018-09-19
2018-09-19T04:00,17.1,85,91,0.0,0.0,2018,2018-09-19
2018-09-19T05:00,17.1,87,100,0.0,0.0,2018,2018-09-19
2018-09-19T06:00,17.4,85,93,0.0,0.0,2018,2018-09-19
2018-09-19T07:00,17.1,87,67,0.0,0.0,2018,2018-09-19
2018-09-19T08:00,17.6,84,91,0.0,0.0,2018,2018-09-19
2018-09-19T09:00,18.5,80,85,0.1,0.1,2018,2018-09-19
2018-09-19T10:00,19.2,78,94,0.1,0.1,2018,2018-09-19
2018-09-19T11:00,19.8,75,83,0.0,0.0,2018,2018-09-19
2018-09-19T12:00,21.3,65,58,0.0,0.0,2018,2018-09-19
2018-09-19T13:00,21.2,64,34,0.0,0.0,2018,2018-09-19
2018-09-19T14:00,22.1,60,18,0.0,0.0,2018,2018-09-19
2018-09-19T15:00,21.8,60,23,0.0,0.0,2018,2018-09-19
2018-09-19T16:00,21.4,59,47,0.0,0.0,2018,2018-09-19
2018-09-19T17:00,20.5,60,81,0.0,0.0,2018,2018-09-19
2018-09-19T18:00,20.0,66,95,0.0,0.0,2018,2018-09-19
2018-09-19T19:00,19.0,73,81,0.0,0.0,2018,2018-09-19
2018-09-19T20:00,18.2,77,87,0.0,0.0,2018,2018-09-19
2018-09-19T21:00,18.1,78,100,0.0,0.0,2018,2018-09-19
2018-09-19T22:00,17.9,80,99,0.0,0.0,2018,2018-09-19
2018-09-19T23:00,17.7,82,68,0.0,0.0,2018,2018-09-19
2019-09-19T00:00,10.3,84,0,0.0,0.0,2019,2019-09-19
2019-09-19T01:00,11.4,78,0,0.0,0.0,2019,2019-09-19
2019-09-19T02:00,11.0,80,0,0.0,0.0,2019,2019-09-19
2019-09-19T03:00,10.6,83,0,0.0,0.0,2019,2019-09-19
2019-09-19T04:00,10.1,87,0,0.0,0.0,2019,2019-09-19
2019-09-19T05:00,9.6,90,0,0.0,0.0,2019,2019-09-19
2019-09-19T06:00,8.0,95,0,0.0,0.0,2019,2019-09-19
2019-09-19T07:00,7.8,96,0,0.0,0.0,2019,2019-09-19
2019-09-19T08:00,10.3,85,2,0.0,0.0,2019,2019-09-19
2019-09-19T09:00,13.1,71,3,0.0,0.0,2019,2019-09-19
2019-09-19T10:00,15.4,62,0,0.0,0.0,2019,2019-09-19
2019-09-19T11:00,17.1,55,0,0.0,0.0,2019,2019-09-19
2019-09-19T12:00,18.3,53,0,0.0,0.0,2019,2019-09-19
2019-09-19T13:00,18.7,51,11,0.0,0.0,2019,2019-09-19
2019-09-19T14:00,19.9,48,2,0.0,0.0,2019,2019-09-19
2019-09-19T15:00,20.5,47,5,0.0,0.0,2019,2019-09-19
2019-09-19T16:00,20.7,47,2,0.0,0.0,2019,2019-09-19
2019-09-19T17:00,20.1,48,2,0.0,0.0,2019,2019-09-19
2019-09-19T18:00,18.3,54,0,0.0,0.0,2019,2019-09-19
2019-09-19T19:00,16.1,62,0,0.0,0.0,2019,2019-09-19
2019-09-19T20:00,14.6,69,0,0.0,0.0,2019,2019-09-19
2019-09-19T21:00,13.2,76,0,0.0,0.0,2019,2019-09-19
2019-09-19T22:00,12.2,83,0,0.0,0.0,2019,2019-09-19
2019-09-19T23:00,11.4,90,0,0.0,0.0,2019,2019-09-19
2020-09-19T00:00,14.6,80,0,0.0,0.0,2020,2020-09-19
2020-09-19T01:00,14.5,82,0,0.0,0.0,2020,2020-09-19
2020-09-19T02:00,14.0,83,9,0.0,0.0,2020,2020-09-19
2020-09-19T03:00,13.6,85,13,0.0,0.0,2020,2020-09-19
2020-09-19T04:00,13.2,87,1,0.0,0.0,2020,2020-09-19
2020-09-19T05:00,13.1,89,0,0.0,0.0,2020,2020-09-19
2020-09-19T06:00,13.2,89,0,0.0,0.0,2020,2020-09-19
2020-09-19T07:00,13.4,89,47,0.0,0.0,2020,2020-09-19
2020-09-19T08:00,14.9,82,97,0.0,0.0,2020,2020-09-19
2020-09-19T09:00,16.9,74,94,0.0,0.0,2020,2020-09-19
2020-09-19T10:00,19.0,64,89,0.0,0.0,2020,2020-09-19
2020-09-19T11:00,20.8,56,93,0.0,0.0,2020,2020-09-19
2020-09-19T12:00,21.9,51,78,0.0,0.0,2020,2020-09-19
2020-09-19T13:00,22.5,47,88,0.0,0.0,2020,2020-09-19
2020-09-19T14:00,23.1,43,49,0.0,0.0,2020,2020-09-19
2020-09-19T15:00,23.3,41,39,0.0,0.0,2020,2020-09-19
2020-09-19T16:00,22.8,42,24,0.0,0.0,2020,2020-09-19
2020-09-19T17:00,21.7,45,20,0.0,0.0,2020,2020-09-19
2020-09-19T18:00,20.4,50,6,0.0,0.0,2020,2020-09-19
2020-09-19T19:00,18.6,56,15,0.0,0.0,2020,2020-09-19
2020-09-19T20:00,17.5,61,78,0.0,0.0,2020,2020-09-19
2020-09-19T21:00,16.7,66,55,0.0,0.0,2020,2020-09-19
2020-09-19T22:00,16.0,72,28,0.0,0.0,2020,2020-09-19
2020-09-19T23:00,15.5,76,20,0.0,0.0,2020,2020-09-19
2021-09-19T00:00,14.5,88,73,0.0,0.0,2021,2021-09-19
2021-09-19T01:00,15.1,88,73,0.0,0.0,2021,2021-09-19
2021-09-19T02:00,15.3,84,98,0.0,0.0,2021,2021-09-19
2021-09-19T03:00,14.8,86,99,0.0,0.0,2021,2021-09-19
2021-09-19T04:00,15.0,87,96,0.0,0.0,2021,2021-09-19
2021-09-19T05:00,15.5,83,96,0.0,0.0,2021,2021-09-19
2021-09-19T06:00,13.9,92,96,0.0,0.0,2021,2021-09-19
2021-09-19T07:00,14.9,89,98,0.0,0.0,2021,2021-09-19
2021-09-19T08:00,15.1,90,96,0.0,0.0,2021,2021-09-19
2021-09-19T09:00,16.3,84,100,0.2,0.2,2021,2021-09-19
2021-09-19T10:00,16.5,84,94,0.3,0.3,2021,2021-09-19
2021-09-19T11:00,17.3,82,95,0.4,0.4,2021,2021-09-19
2021-09-19T12:00,17.7,79,99,0.2,0.2,2021,2021-09-19
2021-09-19T13:00,18.5,73,100,0.2,0.2,2021,2021-09-19
2021-09-19T14:00,17.4,87,100,0.6,0.6,2021,2021-09-19
2021-09-19T15:00,18.0,83,100,0.2,0.2,2021,2021-09-19
2021-09-19T16:00,17.7,84,98,0.3,0.3,2021,2021-09-19
2021-09-19T17:00,17.5,86,94,0.3,0.3,2021,2021-09-19
2021-09-19T18:00,17.4,86,98,0.0,0.0,2021,2021-09-19
2021-09-19T19:00,16.1,93,100,0.0,0.0,2021,2021-09-19
2021-09-19T20:00,15.4,94,99,0.4,0.4,2021,2021-09-19
2021-09-19T21:00,15.9,92,100,0.2,0.2,2021,2021-09-19
2021-09-19T22:00,15.4,94,100,0.0,0.0,2021,2021-09-19
2021-09-19T23:00,15.1,94,98,0.0,0.0,2021,2021-09-19
2022-09-19T00:00,10.0,94,94,0.0,0.0,2022,2022-09-19
2022-09-19T01:00,9.9,86,60,0.0,0.0,2022,2022-09-19
2022-09-19T02:00,9.0,91,94,0.0,0.0,2022,2022-09-19
2022-09-19T03:00,10.2,88,100,0.0,0.0,2022,2022-09-19
2022-09-19T04:00,10.6,86,100,0.0,0.0,2022,2022-09-19
2022-09-19T05:00,11.0,84,99,0.0,0.0,2022,2022-09-19
2022-09-19T06:00,10.1,88,71,0.0,0.0,2022,2022-09-19
2022-09-19T07:00,9.4,91,100,0.0,0.0,2022,2022-09-19
2022-09-19T08:00,11.0,83,73,0.0,0.0,2022,2022-09-19
2022-09-19T09:00,12.3,75,100,0.0,0.0,2022,2022-09-19
2022-09-19T10:00,13.6,65,100,0.0,0.0,2022,2022-09-19
2022-09-19T11:00,14.4,60,92,0.0,0.0,2022,2022-09-19
2022-09-19T12:00,14.9,59,88,0.0,0.0,2022,2022-09-19
2022-09-19T13:00,16.3,59,80,0.0,0.0,2022,2022-09-19
2022-09-19T14:00,16.9,54,100,0.0,0.0,2022,2022-09-19
2022-09-19T15:00,16.4,54,100,0.0,0.0,2022,2022-09-19
2022-09-19T16:00,16.8,53,100,0.0,0.0,2022,2022-09-19
2022-09-19T17:00,16.9,54,100,0.0,0.0,2022,2022-09-19
2022-09-19T18:00,16.6,57,100,0.0,0.0,2022,2022-09-19
2022-09-19T19:00,15.4,71,100,0.0,0.0,2022,2022-09-19
2022-09-19T20:00,15.0,71,100,0.0,0.0,2022,2022-09-19
2022-09-19T21:00,14.9,71,100,0.0,0.0,2022,2022-09-19
2022-09-19T22:00,14.4,78,93,0.1,0.1,2022,2022-09-19
2022-09-19T23:00,13.3,85,64,0.2,0.2,2022,2022-09-19
2023-09-19T00:00,14.0,68,100,0.0,0.0,2023,2023-09-19
2023-09-19T01:00,13.7,70,100,0.0,0.0,2023,2023-09-19
2023-09-19T02:00,13.4,72,100,0.0,0.0,2023,2023-09-19
2023-09-19T03:00,13.3,74,99,0.0,0.0,2023,2023-09-19
2023-09-19T04:00,13.3,75,100,0.0,0.0,2023,2023-09-19
2023-09-19T05:00,13.4,76,100,0.0,0.0,2023,2023-09-19
2023-09-19T06:00,13.8,77,100,0.0,0.0,2023,2023-09-19
2023-09-19T07:00,14.9,76,100,0.0,0.0,2023,2023-09-19
2023-09-19T08:00,16.0,76,100,0.0,0.0,2023,2023-09-19
2023-09-19T09:00,16.7,79,100,0.0,0.0,2023,2023-09-19
2023-09-19T10:00,18.2,71,100,0.0,0.0,2023,2023-09-19
2023-09-19T11:00,18.1,74,100,0.0,0.0,2023,2023-09-19
2023-09-19T12:00,19.1,70,100,0.0,0.0,2023,2023-09-19
2023-09-19T13:00,19.1,70,100,0.0,0.0,2023,2023-09-19
2023-09-19T14:00,19.3,71,100,0.1,0.1,2023,2023-09-19
2023-09-19T15:00,18.9,76,100,0.2,0.2,2023,2023-09-19
2023-09-19T16:00,18.6,80,100,0.1,0.1,2023,2023-09-19
2023-09-19T17:00,19.0,77,100,0.0,0.0,2023,2023-09-19
2023-09-19T18:00,18.7,79,100,0.0,0.0,2023,2023-09-19
2023-09-19T19:00,18.1,80,100,0.0,0.0,2023,2023-09-19
2023-09-19T20:00,17.6,82,99,0.0,0.0,2023,2023-09-19
2023-09-19T21:00,17.5,82,95,0.0,0.0,2023,2023-09-19
2023-09-19T22:00,17.4,82,99,0.0,0.0,2023,2023-09-19
2023-09-19T23:00,17.3,83,100,0.0,0.0,2023,2023-09-19
2024-09-19T00:00,15.0,93,12,0.0,0.0,2024,2024-09-19
2024-09-19T01:00,15.0,94,13,0.0,0.0,2024,2024-09-19
2024-09-19T02:00,14.7,95,22,0.0,0.0,2024,2024-09-19
2024-09-19T03:00,14.8,96,16,0.0,0.0,2024,2024-09-19
2024-09-19T04:00,14.9,96,25,0.0,0.0,2024,2024-09-19
2024-09-19T05:00,14.9,97,58,0.0,0.0,2024,2024-09-19
2024-09-19T06:00,14.9,97,29,0.0,0.0,2024,2024-09-19
2024-09-19T07:00,14.9,97,37,0.0,0.0,2024,2024-09-19
2024-09-19T08:00,15.9,92,47,0.0,0.0,2024,2024-09-19
2024-09-19T09:00,17.4,86,56,0.0,0.0,2024,2024-09-19
2024-09-19T10:00,19.1,78,94,0.0,0.0,2024,2024-09-19
2024-09-19T11:00,20.9,68,70,0.0,0.0,2024,2024-09-19
2024-09-19T12:00,22.0,65,37,0.0,0.0,2024,2024-09-19
2024-09-19T13:00,22.9,61,5,0.0,0.0,2024,2024-09-19
2024-09-19T14:00,23.8,59,12,0.1,0.1,2024,2024-09-19
2024-09-19T15:00,24.0,53,7,0.0,0.0,2024,2024-09-19
2024-09-19T16:00,23.8,51,3,0.0,0.0,2024,2024-09-19
2024-09-19T17:00,23.3,54,2,0.0,0.0,2024,2024-09-19
2024-09-19T18:00,22.0,61,0,0.0,0.0,2024,2024-09-19
2024-09-19T19:00,20.1,69,0,0.0,0.0,2024,2024-09-19
2024-09-19T20:00,18.6,76,0,0.0,0.0,2024,2024-09-19
2024-09-19T21:00,17.3,80,0,0.0,0.0,2024,2024-09-19
2024-09-19T22:00,16.0,86,1,0.0,0.0,2024,2024-09-19
2024-09-19T23:00,15.1,91,2,0.0,0.0,2024,2024-09-19
